Dialogue,Timestamp,Case,instrument-label,instrument-pred,instrument-correct,action-label,action-pred,action-correct,tissue-label,tissue-pred,tissue-correct,cvid,valid,generated_feedback
(explaining sutures),18:07:39,9,suturing_tools,suturing_tools,True,,,,,,,c9_s0_1-59-56.avi,True,Advance the needle driver to secure the suture on the tissue.
", I will say it again, this is too medial. this is aorta, this is cava. you keep coming down here and telling me you don't know where you're going",09:30:52,24,,,,,,,vascular_neurovascular_structures,vascular_neurovascular_structures,True,c24_s0_0-26-22.avi,True,Ensure precise dissection and maintain clear visualization of the tissue plane.
", if you're going to keep running this one, regrab your fourth arm closer and pull it up",10:10:51,16,auxiliary_arm,auxiliary_arm,True,traction_retract,traction_retract,True,,,,c16_s0_1-15-55.avi,True,Advance the needle driver to secure the suture.
", is that a gigantic suture? how much do you have some fluid in the bladder or no?",16:17:54,18,suturing_tools,suturing_tools,True,,,,,,,c18_s0_1-45-49.avi,True,"Instrument: Large Needle Driver, Action: Suturing, Tissue: Ureter"
", look up, you need to grab this",10:06:49,16,,,,grip_hold,grip_hold,True,,,,c16_s0_1-11-53.avi,True,Advance the needle driver to secure the suture on the tissue.
", why is the bladder neck so thin?",11:46:38,28,,,,,,,urinary_tract,urinary_tract,True,c28_s0_1-41-54.avi,True,Ensure precise dissection and maintain clear visualization of the surgical field.
Break the shorter one off and then tie and then I'm going to test leave one needle on,17:59:02,12,suturing_tools,suturing_tools,True,,,,,,,c12_s0_2-12-33.avi,True,Advance the needle driver to continue suturing the tissue.
Do not stick the balloon.,17:41:55,12,,,,,,,None,None,True,c12_s0_1-55-26.avi,True,Ensure precise suture placement and maintain tension on the tissue.
Do we have a rescue suture?,16:57:40,13,suturing_tools,suturing_tools,True,,,,,,,c13_s0_1-33-6.avi,True,"instrument: grasper, action: retracting, tissue: fibrous tissue"
"Even if he wants to do CIC, he better has this claim the prostate so he will not have significant problems passing the catheter in, either way he benefits from that.",14:22:01,15,,,,,,,prostate,prostate,True,c15_s0_0-13-4.avi,True,Ensure precise instrument control and maintain clear visualization of the surgical field.
"Hang on, grab with the...",16:49:36,14,,,,grip_hold,grip_hold,True,,,,c14_s0_1-49-40.avi,True,"Instrument: ProGrasp forceps, Action: Retract, Tissue: NaN"
I don't know if you're completely through that little vessel,12:01:55,28,,,,,,,vascular_neurovascular_structures,vascular_neurovascular_structures,True,c28_s0_1-57-11.avi,True,Maintain gentle traction and ensure clear visualization of the surgical field.
I don't know why you are encroaching closer to the prostate,09:58:06,33,,,,,,,prostate,prostate,True,c33_s0_1-23-53.avi,True,Maintain gentle pressure to improve visualization and ensure precise dissection.
"I mean, you can but you don't need to, because what we need",13:55:07,4,,,,,,,prostate,prostate,True,c4_s0_0-33-5.avi,True,Maintain gentle traction and ensure clear visualization of the surgical field.
"I still don't know if we have ureter up or not, so you can keep going, you just have to think about that, okay?",09:35:46,24,,,,,,,urinary_tract,urinary_tract,True,c24_s0_0-31-16.avi,True,Maintain gentle traction and proceed with careful dissection of the tissue.
"I think it's even closer, I think you're...",14:26:25,2,None,None,True,,,,,,,c2_s0_0-26-39.avi,True,Maintain steady traction and ensure clear visualization of the surgical field.
"I think you are too far from the prostate, very very far, don't you think?",16:08:58,26,,,,,,,prostate,prostate,True,c26_s0_1-53-37.avi,True,Maintain steady traction and ensure clear visualization of the surgical field.
I think you should take the other one first,15:31:28,10,,,,grip_hold,grip_hold,True,,,,c10_s0_1-20-50.avi,True,Ensure secure grasp on tissue with the instrument. Proceed with careful dissection.
"I thought we switched to needle driver, would you mind switching",17:47:41,9,suturing_tools,suturing_tools,True,,,,,,,c9_s0_1-39-58.avi,True,Ensure precise suture placement and maintain tension on the tissue edges.
I want to see the whole nerve before you take all this tissue down,09:36:20,33,,,,,,,vascular_neurovascular_structures,vascular_neurovascular_structures,True,c33_s0_1-2-7.avi,True,Maintain gentle traction on the tissue for optimal exposure.
I was going to put another clip there,17:09:28,7,clip_device,clip_device,True,,,,,,,c7_s0_0-26-6.avi,True,Continue with precise dissection and maintain clear visualization of the surgical field.
I would buzz a little bit higher...dont buz ...,15:59:45,32,,,,coagulate,coagulate,True,,,,c32_s0_0-51-59.avi,True,Advance the instrument carefully along the tissue plane.
I would cheat a little bit closer to your last stitch,18:57:35,29,suturing_tools,suturing_tools,True,,,,,,,c29_s0_3-8-35.avi,True,Maintain gentle traction on the tissue for better visualization.
I would not lift it with that...stop for a second,10:47:01,31,,,,interrupt_action,interrupt_action,True,,,,c31_s0_1-12-30.avi,True,"instrument: grasper, action: retract, tissue: fibrotic area"
"I wouldnt do that much yet...the reason is bc i want to start from here and start to see adrenal and march lateral to that and you dont know that yet, so i wouldnt even bother scoring the adrenal",17:18:27,7,,,,,,,retroperitoneal_structures,retroperitoneal_structures,True,c7_s0_0-35-5.avi,True,"Instrument: bipolar forceps, Action: coagulating, Tissue: peritoneum"
Like you're digging under your suture line.,18:10:46,12,suturing_tools,suturing_tools,True,,,,,,,c12_s0_2-24-17.avi,True,Continue suturing the tissue with precise tension.
No the veins gonna collapse,15:09:19,10,,,,,,,vascular_neurovascular_structures,vascular_neurovascular_structures,True,c10_s0_0-58-41.avi,True,"Instrument: Maryland Bipolar, Action: Grasping, Tissue: Ureter"
Now careful bc if you get under the fascia of psoas youre gonna bleed,15:52:20,8,,,,,,,retroperitoneal_structures,retroperitoneal_structures,True,c8_s0_0-20-1.avi,True,"Instrument: grasper, Action: retract, Tissue: peritoneum"
"Press it on, press down on it on the tissue around it.",17:59:26,12,,,,traction_retract,traction_retract,True,,,,c12_s0_2-12-57.avi,True,Advance the needle driver smoothly through the tissue for precise suturing.
"Press, there you go.",17:59:30,12,,,,traction_retract,traction_retract,True,,,,c12_s0_2-13-1.avi,True,Continue suturing the tissue with precise tension.
Right off the nerve,09:38:49,33,,,,,,,vascular_neurovascular_structures,vascular_neurovascular_structures,True,c33_s0_1-4-36.avi,True,Advance the instrument carefully to dissect the tissue precisely.
See once you do that how the vein just pushes down...if youre on the plane thats right on top of the vein thats where you want to be,15:56:30,32,,,,,,,vascular_neurovascular_structures,vascular_neurovascular_structures,True,c32_s0_0-48-44.avi,True,Advance the instrument carefully to dissect the tissue.
So things to work on while you're doing this is it's just simple...Minor adjustments to rock your needle back.,17:49:11,12,suturing_tools,suturing_tools,True,,,,,,,c12_s0_2-2-42.avi,True,Ensure precise suture placement and maintain tension on the tissue.
Still too much mucosa.,17:46:33,12,,,,,,,gastrointestinal_tract,gastrointestinal_tract,True,c12_s0_2-0-4.avi,True,Ensure precise suture placement and maintain tension on the tissue.
Stop and look at your needle...Stop and look at it.,17:54:46,12,suturing_tools,suturing_tools,True,,,,,,,c12_s0_2-8-17.avi,True,Ensure precise needle placement and maintain tension on the suture line.
Sweep sweep it down.,16:01:33,12,,,,sweeping_maneuvers,sweeping_maneuvers,True,,,,c12_s0_0-15-4.avi,True,"instrument: grasper, action: retract, tissue: fibrous band"
The type of bleeding youre gonna run into when you get down there are...which is super annoying so its better to identify them and buzz them,15:57:52,32,,,,coagulate,coagulate,True,,,,c32_s0_0-50-6.avi,True,"Continue with precise dissection, maintaining clear visualization of the surgical field."
"Then we're going to not change the position, extract in this position, then close it, and then we'll take another look inside.",16:59:39,8,,,,inspect,inspect,True,,,,c8_s0_1-27-20.avi,True,Grasp the tissue gently and maintain steady traction.
VAS and sems are up,12:04:54,28,,,,,,,seminal_vesicle_vas,seminal_vesicle_vas,True,c28_s0_2-0-10.avi,True,Maintain gentle traction on the tissue for optimal exposure.
"What is going on, where did this needle come from?",18:19:10,14,suturing_tools,suturing_tools,True,,,,,,,c14_s0_3-19-14.avi,True,Ensure precise suture placement and maintain tension on the tissue.
Why is there a third needle?,18:19:21,14,suturing_tools,suturing_tools,True,,,,,,,c14_s0_3-19-25.avi,True,"Instrument: Large Needle Driver, Action: Suturing, Tissue: NaN"
a little buzz and push,09:24:53,24,,,,coagulate,coagulate,True,,,,c24_s0_0-20-23.avi,True,Maintain gentle traction and ensure clear visualization of the tissue plane.
a little closer to the gland,15:07:19,18,None,None,True,,,,,,,c18_s0_0-35-14.avi,True,"Instrument: Monopolar Curved Scissors, Action: Dissect, Tissue: Fibrotic Tissue"
"adjust your fourth arm, and pull to retract",09:09:30,17,auxiliary_arm,auxiliary_arm,True,,,,,,,c17_s0_0-13-2.avi,True,"Instrument: Prograsp forceps, Action: Retract, Tissue: Adipose tissue"
"again if you need to do a sharp turn grab the needle closer, and you're going to run out of the needle you can always let go.",17:01:30,22,suturing_tools,suturing_tools,True,,,,,,,c22_s0_2-55-22.avi,True,"instrument: Large Needle Driver, action: Suturing, tissue: NaN"
"again, see how far away your left hand is to the action. too far away right?",14:47:50,22,hand_control,hand_control,True,,,,,,,c22_s0_0-41-42.avi,True,"Instrument: Fenestrated Bipolar Forceps, Action: Grasping, Tissue: Adipose"
"ahh, , that's too thin of a bite, pull that out that's too thin and you were not turning your wrist as you were taking it out",11:00:00,21,,,,,,,vascular_neurovascular_structures,vascular_neurovascular_structures,True,c21_s0_2-14-47.avi,True,"Instrument: Large Needle Driver, Action: Suturing, Tissue: Ureter"
all of these come down this..your arterys here and your veins here,15:57:08,32,,,,,,,vascular_neurovascular_structures,vascular_neurovascular_structures,True,c32_s0_0-49-22.avi,True,Advance the instrument carefully to dissect the tissue.
"all the way down and in and that will allow you when you clip ureter, youre gonna move the kidney UP completely",15:42:04,10,,,,,,,urinary_tract,urinary_tract,True,c10_s0_1-31-26.avi,True,"Instrument: Maryland Bipolar Forceps, Action: Dissecting, Tissue: Peritoneal Layer"
"alright a little bit sloppy, you're cutting onto the clip itself",14:51:44,22,clip_device,clip_device,True,,,,,,,c22_s0_0-45-36.avi,True,"Instrument: Maryland Bipolar Forceps, Action: Grasping, Tissue: Adipose"
alright let's do a little uh... uh... mhm.. that's very small prostate.. okay,09:13:59,1,,,,,,,prostate,prostate,True,c1_s0_0-36-34.avi,True,Dissect carefully along the tissue plane to maintain clear visualization.
"alright, I think you are almost done there",10:37:45,1,energy_device,energy_device,True,,,,,,,c1_s0_2-0-20.avi,True,"instrument: suction irrigator, action: suctioning, tissue: surrounding tissue"
"alright, do you remember how I hold the SV's up?",09:50:19,1,,,,,,,seminal_vesicle_vas,seminal_vesicle_vas,True,c1_s0_1-12-54.avi,True,"Instrument: Grasper, Action: Retract, Tissue: NaN"
always inspect the prostate so we have plenty of tissue on the right side and less on the left,15:28:50,3,,,,,,,urinary_tract,urinary_tract,True,c3_s0_1-23-47.avi,True,Maintain gentle traction on the tissue for better visualization.
and buzz right above the vein...dont buzz the vein but,15:57:41,32,energy_device,energy_device,True,coagulate,coagulate,True,vascular_neurovascular_structures,vascular_neurovascular_structures,True,c32_s0_0-49-55.avi,True,Dissect carefully to expose the tissue plane.
and im not a real big fan of you grabbing your needle and taking it off screen okay?,10:26:08,16,suturing_tools,suturing_tools,True,,,,,,,c16_s0_1-31-12.avi,True,"Instrument: Large Needle Driver, Action: Suturing, Tissue: Bladder Neck"
and on the bladder we travel a little bit more,18:58:13,29,,,,,,,urinary_tract,urinary_tract,True,c29_s0_3-9-13.avi,True,Advance the needle driver carefully through the tissue.
"and open up the space, open it up",09:19:35,33,,,,open_spread,open_spread,True,,,,c33_s0_0-45-22.avi,True,"Instrument: Maryland Bipolar, Action: Dissecting, Tissue: Peritoneum"
"and then on the anterior bladder neck, take care of that",09:20:51,1,,,,,,,urinary_tract,urinary_tract,True,c1_s0_0-43-26.avi,True,Maintain steady retraction and ensure clear visualization of the surgical field.
and then turn here,19:09:24,29,,,,rotate_turn,rotate_turn,True,,,,c29_s0_3-20-24.avi,True,Maintain steady instrument control and ensure clear visualization of the tissue.
and very little mucosa you could take just the edge,15:48:51,3,,,,grip_hold,grip_hold,True,,,,c3_s0_1-43-48.avi,True,Continue with precise dissection and maintain clear visualization of the surgical field.
"and whenever it's not well-defined, come back to the lateral side where it's better-defined... especially towards the...",14:16:15,2,,,,navigate_position,navigate_position,True,,,,c2_s0_0-16-29.avi,True,Ensure precise instrument positioning and maintain clear visualization of the surgical field.
any leaks? anything from the hole that you made?,10:24:03,16,,,,,,,None,None,True,c16_s0_1-29-7.avi,True,"Instrument: Large Needle Driver, Action: Suture, Tissue: Bladder Neck"
are you sure you're not too far from the prostate?,14:21:26,4,,,,,,,prostate,prostate,True,c4_s1_0-8-40.avi,True,"Instrument: bipolar forceps, Action: coagulating, Tissue: bleeding vessel."
as you progress you can include the sac and bring the sac up,08:51:03,19,,,,,,,miscellaneous,miscellaneous,True,c19_s0_0-37-17.avi,True,Continue suturing the mesh securely to the tissue.
back up with your camera,14:34:07,18,,,,navigate_position,navigate_position,True,,,,c18_s0_0-2-2.avi,True,"Instrument: Monopolar Curved Scissors, Action: Dissect, Tissue: Peritoneum"
be careful dont get into the prostate,17:04:06,13,,,,,,,prostate,prostate,True,c13_s0_1-39-32.avi,True,Maintain steady traction and ensure clear visualization of the surgical field.
"be careful what you grab, it's a nephrectomy so it's very fragile",09:33:41,24,auxiliary_arm,auxiliary_arm,True,,,,,,,c24_s0_0-29-11.avi,True,Maintain gentle traction on the tissue for better visualization.
be gentle dont poke the tumor,16:46:01,8,,,,ensure_safety,ensure_safety,True,miscellaneous,miscellaneous,True,c8_s0_1-13-42.avi,True,"Instrument: Grasper, Action: Dissect, Tissue: Adipose"
because if youre not on the adenoma you run risk,16:03:16,12,,,,,,,miscellaneous,miscellaneous,True,c12_s0_0-16-47.avi,True,Ensure precise instrument alignment for optimal tissue manipulation.
"because it's very easy to deviate from the surface of the adenoma and end up getting through the capsule, and you know that's just really annoying... and you don't want to be annoying",14:04:51,2,,,,,,,miscellaneous,miscellaneous,True,c2_s0_0-5-5.avi,True,"Instrument: grasper, action: retract, tissue: peritoneum"
because you are wasting too much urethra real estate,18:58:46,29,,,,,,,urinary_tract,urinary_tract,True,c29_s0_3-9-46.avi,True,Adjust your grip and ensure clear visualization of the surgical field.
below the ureter ...there,14:40:56,10,,,,,,,urinary_tract,urinary_tract,True,c10_s0_0-30-18.avi,True,"Instrument: grasper, Action: retract, Tissue: adipose"
break your die stitch,17:03:38,22,suturing_tools,suturing_tools,True,,,,,,,c22_s0_2-57-30.avi,True,"Instrument: Large Needle Driver, Action: Suturing, Tissue: NaN"
but just take it so we don't keep making swiss cheese of the urethra,19:00:03,29,,,,grip_hold,grip_hold,True,urinary_tract,urinary_tract,True,c29_s0_3-11-3.avi,True,Ensure precise instrument control and maintain clear visualization of the surgical field.
but narrow it down to a nice stock,09:31:16,33,,,,adjust_fix,adjust_fix,True,,,,c33_s0_0-57-3.avi,True,Continue with precise dissection and maintain clear visualization of the surgical field.
"but there's more SV, you see that?",09:50:12,21,,,,,,,seminal_vesicle_vas,seminal_vesicle_vas,True,c21_s0_1-4-59.avi,True,Maintain gentle traction and continue dissection around the tissue.
"but you got to take the packet, take the packet, feed it to Louis properly",09:29:21,21,,,,grip_hold,grip_hold,True,,,,c21_s0_0-44-8.avi,True,Maintain steady instrument control and ensure clear visualization of the tissue.
buzz,15:59:53,32,energy_device,energy_device,True,coagulate,coagulate,True,,,,c32_s0_0-52-7.avi,True,Advance the instrument carefully to dissect the tissue.
buzz,17:16:09,13,energy_device,energy_device,True,coagulate,coagulate,True,,,,c13_s0_1-51-35.avi,True,Adjust your grip and ensure clear visualization of the surgical field.
"buzz all of that, ____",11:53:49,28,,,,coagulate,coagulate,True,,,,c28_s0_1-49-5.avi,True,Adjust the instrument angle for better access to the tissue.
buzz it,09:27:02,24,,,,coagulate,coagulate,True,,,,c24_s0_0-22-32.avi,True,"Instrument: Bipolar forceps, Action: Coagulating, Tissue: Adipose tissue"
"buzz that, buzz that",14:16:25,2,,,,coagulate,coagulate,True,,,,c2_s0_0-16-39.avi,True,"Continue with precise dissection, maintaining clear visualization of the surgical field."
"can I see that window, lets see that window a little more",15:45:21,6,energy_device,energy_device,True,,,,,,,c6_s0_0-55-23.avi,True,"Instrument: bipolar forceps, Action: cauterize, Tissue: blood vessel"
"can I see... , I'm trying to grab",09:16:58,24,energy_device,energy_device,True,,,,,,,c24_s0_0-12-28.avi,True,Continue with precise dissection and maintain clear visualization of the surgical field.
"can you zoom in right here, where you tied your suture?",16:16:04,18,suturing_tools,suturing_tools,True,,,,fat_fascial_peritoneal_planes,fat_fascial_peritoneal_planes,True,c18_s0_1-43-59.avi,True,"instrument: Large Needle Driver, action: Suturing, tissue: Urethra"
"careful what you grab too, that's okay, thats probably the most I would grab because you dont want to grab the ureter accidentally.",09:19:57,33,,,,,,,urinary_tract,urinary_tract,True,c33_s0_0-45-44.avi,True,Maintain gentle traction on the tissue for better visualization.
careful when you get the tip like that...need to lift up and use the hook,15:03:52,10,energy_device,energy_device,True,,,,,,,c10_s0_0-53-14.avi,True,"Instrument: Maryland bipolar forceps, Action: Dissect, Tissue: Fibrous band"
cause its all these vessels at the corner of the sem that's tethering you,15:49:16,26,,,,,,,seminal_vesicle_vas,seminal_vesicle_vas,True,c26_s0_1-33-55.avi,True,Maintain steady traction and ensure clear visualization of the surgical field.
clean your hook,16:06:25,8,energy_device,energy_device,True,,,,,,,c8_s0_0-34-6.avi,True,"Instrument: Maryland Bipolar, Action: Dissect, Tissue: Fibrous band"
closer to the SEM,15:51:10,26,,,,,,,None,None,True,c26_s0_1-35-49.avi,True,Maintain gentle traction and proceed with careful dissection.
closer to the prostate,14:39:50,15,,,,,,,prostate,prostate,True,c15_s0_0-30-53.avi,True,Maintain gentle traction and ensure clear visualization of the surgical field.
cold cold,14:48:35,26,,,,,,,seminal_vesicle_vas,seminal_vesicle_vas,True,c26_s0_0-33-14.avi,True,Maintain gentle traction and ensure clear visualization of the surgical field.
come a little bit closer to the adenoma,14:26:10,2,,,,,,,miscellaneous,miscellaneous,True,c2_s0_0-26-24.avi,True,"Instrument: grasper, action: retract, tissue: peritoneum"
cut carefully,15:18:57,10,,,,cut_divide,cut_divide,True,,,,c10_s0_1-8-19.avi,True,"Instrument: Maryland Bipolar, Action: Dissect, Tissue: Periurethral fascia"
"cut the tails, cut the tail, make them short, like that",15:28:58,15,,,,cut_divide,cut_divide,True,,,,c15_s0_1-20-1.avi,True,Ensure precise suture placement and maintain tension on the tissue.
cut tourniquet also,15:18:21,10,,,,cut_divide,cut_divide,True,,,,c10_s0_1-7-43.avi,True,Ensure secure placement of the clips on the vessel.
did you get the needle out?,15:29:01,15,suturing_tools,suturing_tools,True,,,,,,,c15_s0_1-20-4.avi,True,Advance the needle driver to secure the suture.
"do you want me to expose the urethra to you, to show you where you need to exit",19:07:30,29,,,,,,,urinary_tract,urinary_tract,True,c29_s0_3-18-30.avi,True,Advance the needle driver for precise suturing on the tissue.
"doesn't need to be perfect, just grab it and bring it in",08:55:29,19,,,,grip_hold,grip_hold,True,,,,c19_s0_0-41-43.avi,True,Advance the needle driver carefully through the tissue.
"don't get closer to the prostate, just stay in that level",09:58:31,33,,,,,,,prostate,prostate,True,c33_s0_1-24-18.avi,True,Maintain gentle pressure for optimal visualization.
don't pull too hard there okay because if you pull hard enough it will fall right through and you will have a hole in your urethra,17:03:03,22,,,,,,,urinary_tract,urinary_tract,True,c22_s0_2-56-55.avi,True,Ensure precise needle placement and maintain tension on the suture line.
"don't sweep underneath there, just do above, it's a nice juicy packet there",09:25:56,21,,,,sweeping_maneuvers,sweeping_maneuvers,True,,,,c21_s0_0-40-43.avi,True,Maintain gentle traction on the tissue for better visualization.
dont cut into yellow fat,15:36:13,8,,,,cut_divide,cut_divide,True,fat_fascial_peritoneal_planes,fat_fascial_peritoneal_planes,True,c8_s0_0-3-54.avi,True,Advance the instrument gently to dissect the tissue.
dont rip that,15:39:06,22,,,,ensure_safety,ensure_safety,True,,,,c22_s0_1-32-58.avi,True,Adjust your grip and proceed with careful dissection of the tissue.
"especially when you see those clear vessels, those are lymphatics, yeah?",09:30:20,33,,,,,,,vascular_neurovascular_structures,vascular_neurovascular_structures,True,c33_s0_0-56-7.avi,True,Dissect carefully to expose the tissue planes for better visualization.
figure out where the vein is going,15:56:00,32,,,,,,,vascular_neurovascular_structures,vascular_neurovascular_structures,True,c32_s0_0-48-14.avi,True,Maintain gentle traction and ensure clear visualization of the surgical field.
find the ureter first,14:39:41,10,,,,,,,urinary_tract,urinary_tract,True,c10_s0_0-29-3.avi,True,Maintain gentle traction and proceed with careful dissection of the tissue.
follow the contour of the gland,16:58:21,14,,,,,,,prostate,prostate,True,c14_s0_1-58-25.avi,True,"Instrument: ProGrasp Forceps, Action: Retract, Tissue: NaN"
get in with L hand and lift up,15:52:14,8,hand_control,hand_control,True,,,,,,,c8_s0_0-19-55.avi,True,Maintain gentle traction and proceed with careful dissection of the tissue.
get into that spot right there,16:52:56,8,None,None,True,,,,,,,c8_s0_1-20-37.avi,True,"Instrument: bipolar forceps, Action: cauterize, Tissue: peritoneum"
get more tissue there,08:52:03,19,,,,grip_hold,grip_hold,True,,,,c19_s0_0-38-17.avi,True,"instrument: fenestrated bipolar forceps, action: grasping, tissue: mesh"
get mucosa,10:19:00,16,,,,,,,gastrointestinal_tract,gastrointestinal_tract,True,c16_s0_1-24-4.avi,True,Continue suturing with precision to ensure proper tissue approximation.
get those fibers off,17:17:04,29,,,,dissect_clean,dissect_clean,True,,,,c29_s0_1-28-4.avi,True,"Instrument: grasper, action: retract, tissue: peritoneum"
get to the psoas and then work youre way,16:41:30,8,,,,,,,retroperitoneal_structures,retroperitoneal_structures,True,c8_s0_1-9-11.avi,True,Maintain gentle traction and ensure clear visualization of the surgical field.
go a little anterior 12 oclock,15:52:29,12,,,,navigate_position,navigate_position,True,,,,c12_s0_0-6-0.avi,True,Maintain gentle traction and ensure clear visualization of the surgical field.
go a little higher then,11:08:27,31,,,,navigate_position,navigate_position,True,,,,c31_s0_1-33-56.avi,True,Maintain gentle traction and ensure clear visualization of the surgical field.
go a little higher; let me show you one sec,14:31:30,10,,,,navigate_position,navigate_position,True,,,,c10_s0_0-20-52.avi,True,"Instrument: grasper, action: retract, tissue: adipose"
"go ahead and open here, start opening here, go",11:18:30,25,,,,open_spread,open_spread,True,,,,c25_s0_0-3-43.avi,True,Adjust the instrument position for optimal tissue engagement.
go ahead and open the bladder,11:19:16,25,,,,open_spread,open_spread,True,urinary_tract,urinary_tract,True,c25_s0_0-4-29.avi,True,Advance the instrument gently to engage the tissue.
"go deep, go inside, not down, forward",09:47:14,21,,,,navigate_position,navigate_position,True,,,,c21_s0_1-2-1.avi,True,Maintain gentle traction and ensure clear visualization of the surgical field.
go in the urethra,18:59:43,29,,,,,,,urinary_tract,urinary_tract,True,c29_s0_3-10-43.avi,True,Ensure precise suture placement and maintain tension on the tissue.
gonadal right? lets find ureter,15:51:10,8,,,,,,,urinary_tract,urinary_tract,True,c8_s0_0-18-51.avi,True,Maintain gentle traction and proceed with careful dissection of the tissue.
good,09:18:05,17,,,,,,,None,None,True,c17_s0_0-21-37.avi,True,"Instrument: ProGrasp Forceps, Action: Grasping, Tissue: Adipose"
good,14:49:28,26,,,,,,,seminal_vesicle_vas,seminal_vesicle_vas,True,c26_s0_0-34-7.avi,True,Maintain gentle traction and ensure clear visualization of the dissection plane.
good,14:50:58,26,,,,,,,prostate,prostate,True,c26_s0_0-35-37.avi,True,Ensure precise instrument positioning for optimal tissue manipulation.
"good all this stuff is tethering you, this is a vessel right here so make sure you get it",17:42:55,29,,,,,,,vascular_neurovascular_structures,vascular_neurovascular_structures,True,c29_s0_1-53-55.avi,True,Maintain gentle traction and ensure clear visualization of the surgical field.
"good, what are you going to do with your fourth arm?",10:13:48,16,auxiliary_arm,auxiliary_arm,True,,,,,,,c16_s0_1-18-52.avi,True,"instrument: Large Needle Driver, action: Suturing, tissue: Bladder neck"
grab,19:00:26,29,,,,grip_hold,grip_hold,True,,,,c29_s0_3-11-26.avi,True,Ensure precise suture placement and maintain tension on the tissue.
grab,19:18:57,29,,,,grip_hold,grip_hold,True,,,,c29_s0_3-29-57.avi,True,Maintain gentle traction and proceed with careful dissection.
grab it and lift it straight up,17:46:04,29,,,,grip_hold,grip_hold,True,,,,c29_s0_1-57-4.avi,True,"Instrument: Maryland Bipolar, Action: Grasping, Tissue: Ureter"
grab sack,08:54:07,19,,,,grip_hold,grip_hold,True,,,,c19_s0_0-40-21.avi,True,Continue suturing the tissue with precise tension.
grab that leaflet,14:52:16,26,,,,grip_hold,grip_hold,True,,,,c26_s0_0-36-55.avi,True,"Instrument: grasper, action: retract, tissue: NaN"
hang on for a second,13:55:09,4,,,,grip_hold,grip_hold,True,prostate,prostate,True,c4_s0_0-33-7.avi,True,"Instrument: grasper, action: retract, tissue: fibrous"
"hang on, grab here",09:30:23,24,,,,grip_hold,grip_hold,True,,,,c24_s0_0-25-53.avi,True,"Instrument: Maryland Bipolar Forceps, Action: Dissection, Tissue: Adipose"
"here it's very high risk of going too low, and then you suddenly have your SV's, so if you can, tips should be pointing... I think you're...",14:26:38,2,,,,,,,seminal_vesicle_vas,seminal_vesicle_vas,True,c2_s0_0-26-52.avi,True,"Instrument: grasper, action: retract, tissue: fibrous tissue."
hold it closer to the vein,14:46:33,22,,,,,,,vascular_neurovascular_structures,vascular_neurovascular_structures,True,c22_s0_0-40-25.avi,True,"Instrument: Fenestrated Bipolar Forceps, Action: Grasping, Tissue: Adipose"
"hold on, so grab just the tip of the SV there... you got to leave room for the other SV",09:50:29,1,,,,,,,seminal_vesicle_vas,seminal_vesicle_vas,True,c1_s0_1-13-4.avi,True,"Instrument: Maryland Bipolar, Action: Dissecting, Tissue: Prostate"
hold the need at the halfway point,17:00:59,13,suturing_tools,suturing_tools,True,,,,,,,c13_s0_1-36-25.avi,True,"instrument: ProGrasp forceps, action: Grasping, tissue: NaN"
how do you break a stitch?,17:03:53,22,suturing_tools,suturing_tools,True,,,,,,,c22_s0_2-57-45.avi,True,"Instrument: Large Needle Driver, Action: Suturing, Tissue: Soft tissue"
i want to get the tissue off the vein,14:46:31,22,,,,,,,vascular_neurovascular_structures,vascular_neurovascular_structures,True,c22_s0_0-40-23.avi,True,"instrument: Fenestrated Bipolar Forceps, action: Grasping, tissue: Adipose"
i want you to be right off the vein,14:42:13,22,,,,,,,urinary_tract,urinary_tract,True,c22_s0_0-36-5.avi,True,Maintain gentle traction on the tissue with the instrument.
i would come closer to the prostate,14:39:56,15,,,,,,,prostate,prostate,True,c15_s0_0-30-59.avi,True,Advance the instrument gently to maintain clear visualization of the tissue.
i wouldnt take the vas yet,11:08:10,31,,,,,,,seminal_vesicle_vas,seminal_vesicle_vas,True,c31_s0_1-33-39.avi,True,Maintain steady traction and ensure clear visualization of the surgical field.
if you angle your tip of your needle downwards towards the rectum,19:02:02,29,suturing_tools,suturing_tools,True,,,,gastrointestinal_tract,gastrointestinal_tract,True,c29_s0_3-13-2.avi,True,Ensure precise needle placement and maintain tension on the suture.
"if you cut past point on the vas, you risk snipping off the vessel, yeah",09:41:09,1,,,,,,,seminal_vesicle_vas,seminal_vesicle_vas,True,c1_s0_1-3-44.avi,True,"Instrument: grasper, Action: retract, Tissue: fibrous"
"if you do it correctly, there should be a nice little septum here between right and left SV",09:48:03,1,,,,,,,seminal_vesicle_vas,seminal_vesicle_vas,True,c1_s0_1-10-38.avi,True,"Instrument: grasper, action: retract, tissue: ureter."
"if you have to throw sutures in there, throw sutures in there... whatever needs to be done",15:24:31,18,suturing_tools,suturing_tools,True,,,,,,,c18_s0_0-52-26.avi,True,Maintain steady instrument control and ensure clear visualization of the surgical field.
"in here, vessel you see it?",16:28:30,13,,,,,,,vascular_neurovascular_structures,vascular_neurovascular_structures,True,c13_s0_1-3-56.avi,True,"Instrument: grasper, action: retract, tissue: adipose"
is something holding the bladder back?,18:04:09,13,,,,,,,urinary_tract,urinary_tract,True,c13_s0_2-39-35.avi,True,Advance the needle driver and secure the suture precisely.
it really exposes the medial surface so you can find the SV,11:07:47,31,,,,,,,seminal_vesicle_vas,seminal_vesicle_vas,True,c31_s0_1-33-16.avi,True,Maintain gentle traction and ensure clear visualization of the surgical field.
its fine turn there,19:16:28,29,,,,rotate_turn,rotate_turn,True,,,,c29_s0_3-27-28.avi,True,Adjust the instrument angle for better visualization of the tissue.
"its ok, make the correction",16:41:56,8,None,None,True,,,,,,,c8_s0_1-9-37.avi,True,Maintain gentle traction and ensure clear visualization of the surgical field.
its right in here...youre going outside of it,17:55:23,12,,,,,,,urinary_tract,urinary_tract,True,c12_s0_2-8-54.avi,True,Advance the needle driver carefully through the tissue.
its still bleeding,14:42:23,22,,,,,,,urinary_tract,urinary_tract,True,c22_s0_0-36-15.avi,True,Maintain steady traction and continue precise dissection.
its still bleeding  you gotta stop that thing,14:52:23,26,,,,interrupt_action,interrupt_action,True,prostate,prostate,True,c26_s0_0-37-2.avi,True,"instrument: bipolar forceps, action: cauterize, tissue: bleeding vessel"
"just a little bit towards the bladder, a touch",09:19:37,1,,,,,,,urinary_tract,urinary_tract,True,c1_s0_0-42-12.avi,True,Maintain gentle traction and proceed with careful dissection of the tissue.
just buzz it,12:02:02,28,,,,coagulate,coagulate,True,,,,c28_s0_1-57-18.avi,True,Maintain gentle traction and ensure clear visualization of the surgical field.
"just drop it, just push against it so its at the apex, yup nice, I agree with you",14:47:12,15,,,,release_instrument,release_instrument,True,,,,c15_s0_0-38-15.avi,True,Maintain steady retraction for optimal exposure.
just get to the medial of it,09:46:48,21,,,,navigate_position,navigate_position,True,,,,c21_s0_1-1-35.avi,True,"Instrument: Fenestrated Bipolar Forceps, Action: Grasping, Tissue: Adipose"
just open up...,09:34:15,33,,,,open_spread,open_spread,True,,,,c33_s0_1-0-2.avi,True,"Instrument: Grasper, Action: Hold, Tissue: Adipose"
just remember to stay right on the surface of the adenoma,16:23:18,12,,,,,,,miscellaneous,miscellaneous,True,c12_s0_0-36-49.avi,True,Maintain steady traction and ensure clear visualization of the surgical field.
just the tip of your scissors okay?,14:49:51,26,surgical_scissors,surgical_scissors,True,,,,,,,c26_s0_0-34-30.avi,True,Maintain gentle traction and ensure clear visualization of the surgical field.
just the vas,15:52:36,26,,,,,,,seminal_vesicle_vas,seminal_vesicle_vas,True,c26_s0_1-37-15.avi,True,Adjust your grip for better control of the tissue.
just the vas okay?,15:52:34,26,,,,,,,seminal_vesicle_vas,seminal_vesicle_vas,True,c26_s0_1-37-13.avi,True,"instrument: forceps, action: grasping, tissue: NaN"
leave it there,17:02:08,13,,,,release_instrument,release_instrument,True,,,,c13_s0_1-37-34.avi,True,"Instrument: ProGrasp Forceps, Action: Retract, Tissue: Adipose"
"left hand , that corner is always left hand",19:09:53,29,hand_control,hand_control,True,,,,,,,c29_s0_3-20-53.avi,True,Ensure precise needle placement and maintain tension on the suture.
left hand comes out,09:21:57,17,hand_control,hand_control,True,,,,,,,c17_s0_0-25-29.avi,True,"Instrument: ProGrasp Forceps, Action: Retract, Tissue: Adipose"
left hand towards left lower quadrant,09:04:30,17,hand_control,hand_control,True,,,,,,,c17_s0_0-8-2.avi,True,Dissect carefully along the tissue plane to maintain precision.
"let go of the needle, you need to be aware of where the suture is where the needle is, all that good stuff. lets go",17:00:20,22,suturing_tools,suturing_tools,True,,,,,,,c22_s0_2-54-12.avi,True,Ensure precise needle placement and maintain tension on the suture line.
"let go of what you have holding there, its just not effective retraction. hold the tissue a little closer to the vein",14:46:21,22,,,,,,,vascular_neurovascular_structures,vascular_neurovascular_structures,True,c22_s0_0-40-13.avi,True,Maintain gentle traction and continue dissection around the tissue.
"let me just look at the prostate... left side ___ tissue, right side ___ tissue",11:48:38,5,,,,,,,prostate,prostate,True,c5_s0_1-46-42.avi,True,Ensure precise instrument positioning for optimal tissue manipulation.
lets find your catheter now,09:58:20,33,None,None,True,,,,,,,c33_s0_1-24-7.avi,True,Maintain steady pressure and ensure clear visualization of the tissue.
lets go,14:52:35,26,,,,,,,prostate,prostate,True,c26_s0_0-37-14.avi,True,"Instrument: Maryland Bipolar, Action: Dissect, Tissue: Peritoneum"
lets see if we can get the upper vein first,15:09:33,10,,,,,,,vascular_neurovascular_structures,vascular_neurovascular_structures,True,c10_s0_0-58-55.avi,True,"Instrument: Maryland Bipolar Forceps, Action: Grasping, Tissue: Ureter"
lets travel on the bladder,19:09:08,29,,,,navigate_position,navigate_position,True,urinary_tract,urinary_tract,True,c29_s0_3-20-8.avi,True,Maintain steady traction and ensure clear visualization of the surgical field.
lift up with your right hand a little bit,09:22:08,17,hand_control,hand_control,True,,,,,,,c17_s0_0-25-40.avi,True,"Instrument: Prograsp forceps, Action: Retract, Tissue: Adipose tissue"
like if you grab the suture and pull it off screen its fine because the needle is floppy right?,10:26:22,16,suturing_tools,suturing_tools,True,,,,,,,c16_s0_1-31-26.avi,True,"instrument: Large Needle Driver, action: Suturing, tissue: Bladder"
"like you're, you're picking up your suture line.",18:11:00,12,suturing_tools,suturing_tools,True,,,,,,,c12_s0_2-24-31.avi,True,Ensure precise suture placement and maintain tension on the tissue.
"look at your controllers, you are too close to here, push them back a little bit",16:48:59,22,,,,inspect,inspect,True,,,,c22_s0_2-42-51.avi,True,Advance the needle driver carefully through the tissue.
look back by the port,16:14:08,32,,,,inspect,inspect,True,,,,c32_s0_1-6-22.avi,True,"instrument: grasper, action: retract, tissue: peritoneum"
look for gonadal and ureter,15:50:05,8,,,,,,,urinary_tract,urinary_tract,True,c8_s0_0-17-46.avi,True,"Continue with precise dissection, maintaining clear visualization of the tissue plane."
"look up, grab it with your fourth arm",10:06:54,16,auxiliary_arm,auxiliary_arm,True,grip_hold,grip_hold,True,,,,c16_s0_1-11-58.avi,True,"instrument: Large Needle Driver, action: Suture placement, tissue: Bladder neck"
"make sure you pull the stitch towards you, okay",16:25:32,18,suturing_tools,suturing_tools,True,,,,,,,c18_s0_1-53-27.avi,True,"Instrument: Large Needle Driver, Action: Suturing, Tissue: Abdominal wall"
make sure you turn the needle out,17:52:59,12,suturing_tools,suturing_tools,True,rotate_turn,rotate_turn,True,,,,c12_s0_2-6-30.avi,True,Advance the needle driver to secure the suture on the tissue edge.
maybe try sweeping the vein over if you can?,16:09:51,32,,,,sweeping_maneuvers,sweeping_maneuvers,True,vascular_neurovascular_structures,vascular_neurovascular_structures,True,c32_s0_1-2-5.avi,True,"Instrument: bipolar forceps, Action: dissecting, Tissue: peritoneum"
medial to the vein on the pubic ramus,16:39:38,29,,,,,,,vascular_neurovascular_structures,vascular_neurovascular_structures,True,c29_s0_0-50-38.avi,True,"Instrument: Grasper, Action: Dissection, Tissue: Adipose"
mhm,09:35:25,33,None,None,True,,,,,,,c33_s0_1-1-12.avi,True,Maintain gentle traction on the tissue for optimal exposure.
more pressure on the left hand,09:00:37,17,hand_control,hand_control,True,,,,,,,c17_s0_0-4-9.avi,True,Continue with gentle dissection to maintain clear visualization of the tissue plane.
"no its going to get worse, lets go to other side",15:49:13,10,,,,navigate_position,navigate_position,True,,,,c10_s0_1-38-35.avi,True,Advance the instrument carefully to avoid excessive pressure on the tissue.
"no, don't bipolar it",09:49:26,24,energy_device,energy_device,True,,,,,,,c24_s0_0-44-56.avi,True,Ensure precise dissection and maintain clear visualization of the surgical field.
"no, just buzz it",14:14:54,3,,,,coagulate,coagulate,True,,,,c3_s0_0-9-51.avi,True,Maintain steady traction and ensure clear visualization of the surgical field.
"no, open it right on that pearly white thing",14:28:52,3,,,,open_spread,open_spread,True,,,,c3_s0_0-23-49.avi,True,"Instrument: Bipolar forceps, Action: Coagulating, Tissue: Connective tissue"
"no, open the superficial layer first",16:58:16,14,,,,open_spread,open_spread,True,,,,c14_s0_1-58-20.avi,True,"Instrument: ProGrasp Forceps, Action: Grasping, Tissue: Adipose"
"no, so just get the tissue off the tip of the SV, that's it. stay right on the SV, you don't need to take more tissue than that",09:49:55,21,,,,,,,seminal_vesicle_vas,seminal_vesicle_vas,True,c21_s0_1-4-42.avi,True,"Instrument: ProGrasp Forceps, Action: Grasping, Tissue: Adipose"
"no, that's too much... take that first, yeah",15:10:23,2,,,,grip_hold,grip_hold,True,,,,c2_s0_1-10-37.avi,True,Ensure precise instrument alignment for optimal tissue manipulation.
"no, you're going to have your SV's very soon if you do that",14:26:58,2,,,,,,,seminal_vesicle_vas,seminal_vesicle_vas,True,c2_s0_0-27-12.avi,True,"instrument: grasper, action: retracting, tissue: connective"
"nothing too crazy, don't have to go into the prostate",12:06:33,28,,,,,,,prostate,prostate,True,c28_s0_2-1-49.avi,True,Advance the instrument gently to maintain clear visualization of the tissue.
"now buzz, sweep",16:08:15,32,,,,coagulate,coagulate,True,,,,c32_s0_1-0-29.avi,True,Maintain gentle traction and proceed with careful dissection of the tissue.
now pull the stitch back,19:16:13,29,suturing_tools,suturing_tools,True,traction_retract,traction_retract,True,,,,c29_s0_3-27-13.avi,True,Maintain tension on the suture for optimal approximation.
now you're ready to grab it and just pull it through,18:00:01,30,,,,traction_retract,traction_retract,True,,,,c30_s0_3-16-35.avi,True,Ensure precise suture placement and maintain tension on the tissue.
now youre going to proceed lateral,15:42:50,10,,,,navigate_position,navigate_position,True,,,,c10_s0_1-32-12.avi,True,"instrument: grasper, action: retract, tissue: connective"
ok  stop,16:43:43,13,,,,interrupt_action,interrupt_action,True,,,,c13_s0_1-19-9.avi,True,"Instrument: Bipolar forceps, Action: Coagulating, Tissue: Adipose tissue"
ok keep working,15:35:44,22,None,None,True,,,,,,,c22_s0_1-29-36.avi,True,"Instrument: Fenestrated Bipolar Forceps, Action: Grasping, Tissue: Adipose"
ok now stop for a second,10:48:34,31,,,,interrupt_action,interrupt_action,True,,,,c31_s0_1-14-3.avi,True,Maintain gentle traction and ensure clear visualization of the surgical field.
ok open that up,09:21:45,33,,,,open_spread,open_spread,True,,,,c33_s0_0-47-32.avi,True,Maintain gentle traction on the tissue for optimal dissection.
ok wait for a second,16:31:46,13,,,,interrupt_action,interrupt_action,True,,,,c13_s0_1-7-12.avi,True,Maintain gentle traction on the tissue for better visualization.
"ok, break one off and tie... leave the vicryl",12:25:25,11,suturing_tools,suturing_tools,True,,,,,,,c11_s1_0-16-56.avi,True,Adjust your grip and continue with precise dissection.
"ok, drop the foley hold the stitch up, straight up",17:01:54,13,suturing_tools,suturing_tools,True,release_instrument,release_instrument,True,,,,c13_s0_1-37-20.avi,True,Maintain gentle traction and ensure clear visualization of the surgical field.
okay cut it,14:51:27,22,,,,cut_divide,cut_divide,True,,,,c22_s0_0-45-19.avi,True,Ensure precise instrument positioning for optimal tissue manipulation.
"okay great, i'll get the drain",10:37:25,16,,,,,,,None,None,True,c16_s0_1-42-29.avi,True,"Instrument: Large Needle Driver, Action: Suturing, Tissue: NaN"
okay im going to test you,10:23:57,16,,,,,,,None,None,True,c16_s0_1-29-1.avi,True,"Instrument: Large Needle Driver, Action: Suturing, Tissue: Bladder Neck"
okay that's not working... everything your poking you're just making more bleeding happen,10:19:07,1,None,None,True,,,,,,,c1_s0_1-41-42.avi,True,"Instrument: Suction, Action: Suctioning, Tissue: Bleeding site"
okay you dont want to go too much in the pelvic bone,08:39:59,19,None,None,True,,,,,,,c19_s0_0-26-13.avi,True,"Instrument: Fenestrated Bipolar Forceps, Action: Grasping, Tissue: Mesh"
"okay, and just stay very close to the prostate so we don't dig up any more than we need to",14:42:57,2,,,,,,,prostate,prostate,True,c2_s0_0-43-11.avi,True,Maintain gentle pressure with the instrument on the tissue.
"okay, go ahead do a DRE, make sure there's no blood",15:29:06,3,,,,,,,urinary_tract,urinary_tract,True,c3_s0_1-24-3.avi,True,Secure the specimen in the retrieval bag carefully.
"okay, keep going",15:06:03,18,None,None,True,,,,,,,c18_s0_0-33-58.avi,True,Maintain steady traction and ensure clear visualization of the surgical field.
"okay, maybe there is a blood vessel or two in that...",09:47:00,1,,,,,,,vascular_neurovascular_structures,vascular_neurovascular_structures,True,c1_s0_1-9-35.avi,True,Maintain steady traction and ensure clear visualization of the surgical field.
"okay, so grab that",09:42:41,1,,,,grip_hold,grip_hold,True,,,,c1_s0_1-5-16.avi,True,"Instrument: grasper, action: retract, tissue: NaN"
"okay, so this is cava, you don't want to go too medially, right?",09:27:47,24,,,,,,,vascular_neurovascular_structures,vascular_neurovascular_structures,True,c24_s0_0-23-17.avi,True,"instrument: grasper, action: retract, tissue: adipose"
"okay, so this is what I would do before you poke another thing and make a bleed",10:19:58,1,None,None,True,,,,,,,c1_s0_1-42-33.avi,True,Maintain steady instrument control and ensure clear visualization of the surgical field.
"okay, so widen that out... medial... go to the other side... keep that in tact, we'll clip that",09:28:05,1,,,,open_spread,open_spread,True,,,,c1_s0_0-50-40.avi,True,Maintain gentle pressure and ensure clear visualization of the surgical field.
"okay, stick this in the bag please",15:29:00,3,,,,,,,urinary_tract,urinary_tract,True,c3_s0_1-23-57.avi,True,Maintain gentle traction and proceed with careful dissection of the tissue.
"okay, that was the vein?",09:18:05,33,,,,,,,vascular_neurovascular_structures,vascular_neurovascular_structures,True,c33_s0_0-43-52.avi,True,Dissect further to expose the tissue plane clearly.
"okay, what is that to the side of that? in that space",15:03:02,18,None,None,True,,,,,,,c18_s0_0-30-57.avi,True,"Instrument: ProGrasp Forceps, Action: Grasping, Tissue: NaN"
okay...the ureter...good,11:42:40,11,,,,,,,urinary_tract,urinary_tract,True,c11_s0_1-48-8.avi,True,Ensure precise instrument positioning and maintain clear visualization of the tissue.
one more stitch here and then we will go to the other side,16:40:16,22,suturing_tools,suturing_tools,True,,,,,,,c22_s0_2-34-8.avi,True,Continue suturing with precision to ensure secure tissue approximation.
"only 47cc gland, so nothing crazy big",14:50:41,26,,,,,,,prostate,prostate,True,c26_s0_0-35-20.avi,True,Advance the instrument gently to maintain clear visualization of the tissue.
open and spread,09:33:03,1,,,,open_spread,open_spread,True,,,,c1_s0_0-55-38.avi,True,"Instrument: bipolar forceps, action: cauterize, tissue: bleeding vessel."
"open that, yes",10:31:40,1,,,,open_spread,open_spread,True,,,,c1_s0_1-54-15.avi,True,Maintain steady instrument control and ensure clear visualization of the surgical field.
"open the bladder, start whenever you want",11:17:28,25,,,,open_spread,open_spread,True,urinary_tract,urinary_tract,True,c25_s0_0-2-41.avi,True,Adjust the grasper position for better tissue manipulation.
open the window,09:19:13,17,,,,open_spread,open_spread,True,,,,c17_s0_0-22-45.avi,True,"Instrument: ProGrasp forceps, action: retract, tissue: adipose tissue."
open this space up here,09:18:39,17,,,,open_spread,open_spread,True,,,,c17_s0_0-22-11.avi,True,"Instrument: Maryland Bipolar, Action: Dissect, Tissue: Peritoneum"
"open this window, don't do that",09:19:14,17,,,,open_spread,open_spread,True,,,,c17_s0_0-22-46.avi,True,"Instrument: Prograsp Forceps, Action: Retract, Tissue: Adipose"
open up the easy space,16:16:45,6,,,,open_spread,open_spread,True,,,,c6_s0_1-26-47.avi,True,"Instrument: bipolar forceps, Action: coagulating, Tissue: adipose tissue"
"open up wide... before you do that... just open up either side, you're still in a hole",09:33:14,1,,,,open_spread,open_spread,True,,,,c1_s0_0-55-49.avi,True,"Instrument: Bipolar forceps, Action: Coagulating, Tissue: Bleeding vessel"
"other way, other way... under the prostate, okay?",09:26:44,1,,,,,,,prostate,prostate,True,c1_s0_0-49-19.avi,True,Maintain steady traction and ensure clear visualization of the surgical field.
others... yeah just open that up a little bit more too,09:33:44,1,,,,open_spread,open_spread,True,,,,c1_s0_0-56-19.avi,True,Maintain gentle pressure with the instrument on the tissue.
otherwise you'll cut it out when you're doing it... you have to go really cloes to the...,14:42:44,3,,,,,,,prostate,prostate,True,c3_s0_0-37-41.avi,True,Ensure precise instrument positioning for optimal tissue manipulation.
"perpendicular to the vein, so sweep toward the vein toward",14:42:48,22,,,,sweeping_maneuvers,sweeping_maneuvers,True,,,,c22_s0_0-36-40.avi,True,Maintain steady traction and ensure clear visualization of the surgical field.
psoas right? so look for psoas here,15:51:34,8,,,,,,,retroperitoneal_structures,retroperitoneal_structures,True,c8_s0_0-19-15.avi,True,Maintain gentle traction on the tissue for better visualization.
pull it down,19:16:15,29,,,,traction_retract,traction_retract,True,,,,c29_s0_3-27-15.avi,True,Maintain gentle tension on the suture for optimal approximation.
pull the last stitch before you pull up on this one,10:09:14,16,suturing_tools,suturing_tools,True,,,,,,,c16_s0_1-14-18.avi,True,Ensure precise suture placement and maintain tension on the tissue edges.
pull up on that,10:16:18,16,,,,traction_retract,traction_retract,True,,,,c16_s0_1-21-22.avi,True,Ensure secure suturing around the catheter for optimal tissue approximation.
"push the kidney away, push the kidney away",09:02:56,17,,,,,,,retroperitoneal_structures,retroperitoneal_structures,True,c17_s0_0-6-28.avi,True,Maintain gentle traction to enhance visualization of the tissue plane.
put your R hand there and gently...like your finger,16:27:32,9,hand_control,hand_control,True,,,,,,,c9_s0_0-19-57.avi,True,Maintain gentle traction and ensure clear visualization of the surgical field.
put your fourth arm here now,09:13:47,17,auxiliary_arm,auxiliary_arm,True,,,,,,,c17_s0_0-17-19.avi,True,"instrument: ProGrasp forceps, action: retracting, tissue: adipose tissue"
put your left hand up up up,09:20:56,17,hand_control,hand_control,True,,,,,,,c17_s0_0-24-28.avi,True,Maintain gentle traction and ensure clear visualization of the surgical field.
put your right hand in there and take your left hand out,09:22:24,17,hand_control,hand_control,True,,,,,,,c17_s0_0-25-56.avi,True,"Instrument: grasper, action: retract, tissue: adipose"
realign your left hand,09:22:03,17,hand_control,hand_control,True,,,,,,,c17_s0_0-25-35.avi,True,Adjust your approach to improve visualization of the tissue plane.
remain in the correct fat plane so youre not getting the abd wall fat; You're between the abdominal wall fat and the kidney,16:41:34,8,,,,,,,retroperitoneal_structures,retroperitoneal_structures,True,c8_s0_1-9-15.avi,True,"Instrument: grasper, action: retract, tissue: adipose"
"remember I talk about apex stitches, same thing, this is where it will leak..",17:46:08,12,suturing_tools,suturing_tools,True,,,,,,,c12_s0_1-59-39.avi,True,Ensure precise suture placement and maintain tension on the tissue.
"remember what I said about chopping, like especially this side, right? you could hit the duo, the way you were doing it last week",09:22:22,24,energy_device,energy_device,True,,,,,,,c24_s0_0-17-52.avi,True,"Instrument: grasper, action: retract, tissue: peritoneum"
right on the pearly white adenoma...if theres any bands there you sweep it off,16:03:06,12,,,,sweeping_maneuvers,sweeping_maneuvers,True,miscellaneous,miscellaneous,True,c12_s0_0-16-37.avi,True,Ensure precise alignment of instruments for optimal tissue manipulation.
"right there, I would've buzzed first and then swept",14:11:40,2,energy_device,energy_device,True,,,,,,,c2_s0_0-11-54.avi,True,Maintain gentle traction and ensure clear visualization of the surgical field.
same vessel here that was tethering you,17:45:45,29,,,,,,,vascular_neurovascular_structures,vascular_neurovascular_structures,True,c29_s0_1-56-45.avi,True,Advance the instrument carefully to maintain clear visualization of the tissue.
see how it moves in the prostate? thats where you go,16:15:55,14,,,,,,,prostate,prostate,True,c14_s0_1-15-59.avi,True,Advance the instrument gently to dissect the tissue precisely.
see if you can just grab,09:35:19,1,,,,grip_hold,grip_hold,True,,,,c1_s0_0-57-54.avi,True,"Instrument: Bipolar forceps, Action: Coagulate, Tissue: Bleeding site"
see that's the end of your barbs on both sutures,18:06:00,30,suturing_tools,suturing_tools,True,,,,,,,c30_s0_3-22-34.avi,True,Adjust your grip and ensure clear visualization of the surgical field.
see theres a vein there,14:45:17,10,,,,,,,vascular_neurovascular_structures,vascular_neurovascular_structures,True,c10_s0_0-34-39.avi,True,Continue dissection with precise control to avoid unnecessary tissue trauma.
show yourself the mucosa,10:05:20,16,,,,,,,gastrointestinal_tract,gastrointestinal_tract,True,c16_s0_1-10-24.avi,True,Ensure precise suture placement and maintain tension on the tissue.
since you can see vessel might as well take care of it now,16:09:28,6,,,,,,,vascular_neurovascular_structures,vascular_neurovascular_structures,True,c6_s0_1-19-30.avi,True,"Instrument: bipolar forceps, action: coagulating, tissue: adipose tissue"
small needle,15:46:19,15,suturing_tools,suturing_tools,True,,,,,,,c15_s0_1-37-22.avi,True,Maintain gentle traction and ensure clear visualization of the surgical field.
so I think youve done amazing job,16:54:28,9,None,None,True,,,,,,,c9_s0_0-46-45.avi,True,Ensure precise control of instruments for optimal tissue manipulation.
"so I would do the opposite of what you do, I would burn first, and then do a gentle sweep... burn and then sweep",14:14:26,2,,,,coagulate,coagulate,True,,,,c2_s0_0-14-40.avi,True,Maintain steady traction and ensure clear visualization of the surgical field.
so I would stay on the slightly higher side and you can take that lateral piece first with a clip,10:16:47,1,clip_device,clip_device,True,navigate_position,navigate_position,True,,,,c1_s0_1-39-22.avi,True,Maintain steady retraction for optimal exposure.
"so Jun, I want to see the whole thing, so open the space up. I want to see the whole, cause you can see a glimpse of it somewhere but that doesnt mean you know the exact course of the nerve right?",09:35:02,33,,,,open_spread,open_spread,True,,,,c33_s0_1-0-49.avi,True,Maintain gentle traction and proceed with careful dissection of the tissue.
"so advance, grab more of your SV",09:39:10,1,,,,,,,seminal_vesicle_vas,seminal_vesicle_vas,True,c1_s0_1-1-45.avi,True,"Instrument: Maryland Bipolar, Action: Dissect, Tissue: Prostate Capsule"
"so again, the key is to find the posterior plane, extend it to the urethra",10:54:52,1,,,,None,None,True,urinary_tract,urinary_tract,True,c1_s0_2-17-27.avi,True,Ensure precise dissection and maintain clear visualization of the surgical field.
so be careful of your tissue tension here becuase your superficial dvc can be around here,14:42:11,26,,,,,,,vascular_neurovascular_structures,vascular_neurovascular_structures,True,c26_s0_0-26-50.avi,True,Maintain gentle traction and continue dissection to enhance visibility.
so bring it towards the left lower quadrant,09:04:27,17,,,,navigate_position,navigate_position,True,,,,c17_s0_0-7-59.avi,True,"Instrument: Prograsp forceps, Action: Dissect, Tissue: Peritoneum"
"so careful, what you just grabbed im not sure if you grabbed that branch of the vein with it.",14:48:02,22,,,,,,,vascular_neurovascular_structures,vascular_neurovascular_structures,True,c22_s0_0-41-54.avi,True,Maintain gentle traction and proceed with careful dissection of the tissue.
"so get right on it... so peel off that stuff off of it, expose the medial aspect of the SV first",09:47:45,1,,,,,,,seminal_vesicle_vas,seminal_vesicle_vas,True,c1_s0_1-10-20.avi,True,Advance the instrument carefully to dissect the tissue.
so here you can just bluntly sweep off the nerve,09:38:42,33,,,,sweeping_maneuvers,sweeping_maneuvers,True,,,,c33_s0_1-4-29.avi,True,Continue with precise dissection and maintain clear visualization of the surgical field.
"so here... stop for a second... so rather than grabbing what you're grabbing there, I'd rather you just retract down",09:30:21,1,retractor_device,retractor_device,True,,,,,,,c1_s0_0-52-56.avi,True,Continue with precise dissection to expose the tissue clearly.
so hug off the vein and off the bone,14:46:09,22,hand_control,hand_control,True,,,,,,,c22_s0_0-40-1.avi,True,Maintain gentle traction and ensure clear visualization of the tissue.
so i think you can go to the other side,17:29:37,7,,,,navigate_position,navigate_position,True,,,,c7_s0_0-46-15.avi,True,"Instrument: Grasper, Action: Retract, Tissue: Adipose"
so im very risk adverse so I like to go right off the nerve take that seperate that,14:53:17,22,,,,open_spread,open_spread,True,,,,c22_s0_0-47-9.avi,True,"Instrument: Maryland Bipolar Forceps, Action: Dissecting, Tissue: Adipose Tissue"
so instead of grabbing something I would just let go of your left hand and stick the whole thing jaws closed into that space,14:48:47,22,hand_control,hand_control,True,,,,,,,c22_s0_0-42-39.avi,True,"Instrument: Fenestrated Bipolar Forceps, Action: Grasping, Tissue: Adipose"
so just account for the spacing right? there's more space on the bladder side than on the urethra side,11:11:39,21,,,,,,,vascular_neurovascular_structures,vascular_neurovascular_structures,True,c21_s0_2-26-26.avi,True,Ensure precise instrument alignment for optimal tissue manipulation.
so just make sure all the needles and clips are accounted for,15:15:29,2,suturing_tools,suturing_tools,True,,,,,,,c2_s0_1-15-43.avi,True,"Instrument: Needle driver, Action: Suture placement, Tissue: Peritoneum"
"so now come in a little bit, yeah",10:49:39,1,,,,navigate_position,navigate_position,True,,,,c1_s0_2-12-14.avi,True,Advance the needle driver for precise suturing.
"so now its getting pretty close, get rid of some of that stuff",14:44:33,22,,,,,,,vascular_neurovascular_structures,vascular_neurovascular_structures,True,c22_s0_0-38-25.avi,True,Maintain gentle traction and ensure clear visualization of the surgical field.
so now we can start to travel a little bit more on the bladder because obviously there's a lot more to cover,19:04:30,29,,,,,,,urinary_tract,urinary_tract,True,c29_s0_3-15-30.avi,True,Ensure precise suture placement and maintain tension on the tissue.
"so now you got to change your angle, yeah? you need to go under the prostate or you're going to get into the bladder",09:26:28,1,,,,,,,urinary_tract,urinary_tract,True,c1_s0_0-49-3.avi,True,Maintain steady traction and ensure clear visualization of the surgical field.
so open all the space up,09:32:54,33,,,,open_spread,open_spread,True,,,,c33_s0_0-58-41.avi,True,Maintain gentle traction on the tissue for better visualization.
so start with a better grasp of your vas,15:30:36,22,,,,,,,seminal_vesicle_vas,seminal_vesicle_vas,True,c22_s0_1-24-28.avi,True,Maintain gentle traction and ensure clear visualization of the tissue.
"so stop, pull from up here, pull from the loop",10:16:00,16,,,,traction_retract,traction_retract,True,,,,c16_s0_1-21-4.avi,True,Ensure precise alignment before proceeding with the next step.
so that way the risk of getting into the prostate is low,10:48:42,31,,,,,,,prostate,prostate,True,c31_s0_1-14-11.avi,True,Maintain steady traction and ensure clear visualization of the surgical field.
so that's not perpendicular to your...,10:32:11,1,energy_device,energy_device,True,,,,,,,c1_s0_1-54-46.avi,True,Advance the instrument gently to secure the tissue.
"so that's not what I mean by seeing the nerve, I want to see the whole nerve, I don't want to see part of the nerve",09:35:51,33,,,,,,,vascular_neurovascular_structures,vascular_neurovascular_structures,True,c33_s0_1-1-38.avi,True,Grasp the tissue gently with the instrument for precise manipulation.
so that's that corner right? the corner that we turned on the bladder?,19:04:27,29,,,,,,,urinary_tract,urinary_tract,True,c29_s0_3-15-27.avi,True,"Instrument: Needle driver, Action: Suturing, Tissue: Prostate"
so we have a good amount of time for you to do the vas defs,14:50:53,26,,,,,,,prostate,prostate,True,c26_s0_0-35-32.avi,True,"Instrument: Maryland Bipolar, Action: Dissect, Tissue: Peritoneum"
so what I don't like about this is I want to see your nerve down below,09:37:46,33,,,,,,,vascular_neurovascular_structures,vascular_neurovascular_structures,True,c33_s0_1-3-33.avi,True,Maintain gentle traction and ensure clear visualization of the surgical field.
"so what I'm trying to get you to think about is do I want to get under it here near the aorta or near the ileum, or back down here",09:32:34,24,,,,,,,vascular_neurovascular_structures,vascular_neurovascular_structures,True,c24_s0_0-28-4.avi,True,"Instrument: Maryland Bipolar, Action: Grasping, Tissue: Peritoneum"
"so what you just bipolared and what you cut was nearly the same spot, you want to give yourself a little bit more wiggle room, right?",09:48:39,1,energy_device,energy_device,True,,,,,,,c1_s0_1-11-14.avi,True,Maintain gentle traction and continue precise dissection along the tissue plane.
"so what you were going to take there, probably fine as a little vessel, but you were in a very compromised position right?",09:34:40,33,,,,,,,vascular_neurovascular_structures,vascular_neurovascular_structures,True,c33_s0_1-0-27.avi,True,Maintain gentle traction on the tissue with the instrument.
"so when you cinch, pull 90 degrees from the tissue, okay? if you pull towards the head, because of the barb it's going to cut like a knife",11:12:50,21,,,,,,,vascular_neurovascular_structures,vascular_neurovascular_structures,True,c21_s0_2-27-37.avi,True,"Instrument: Large Needle Driver, Action: Suturing, Tissue: NaN"
so wheres the mucosa,17:50:26,12,,,,,,,gastrointestinal_tract,gastrointestinal_tract,True,c12_s0_2-3-57.avi,True,Ensure precise suture placement and maintain tension on the tissue.
so work along the medial aspect of the vas,13:58:48,4,,,,,,,seminal_vesicle_vas,seminal_vesicle_vas,True,c4_s0_0-36-46.avi,True,Maintain gentle traction and ensure clear visualization of the tissue.
so work from this starting edge here and march deeper as you go,17:27:24,7,,,,navigate_position,navigate_position,True,,,,c7_s0_0-44-2.avi,True,"Instrument: bipolar forceps, action: cauterize, tissue: adipose tissue"
so you can do a little more sweeping,09:26:13,21,,,,sweeping_maneuvers,sweeping_maneuvers,True,,,,c21_s0_0-41-0.avi,True,"instrument: Fenestrated Bipolar Forceps, action: Grasping, tissue: Adipose"
"so you can tennis racket it and start at the top and run it not at the urethra, the bladder side and you run it towards the urethra",18:07:02,30,,,,,,,urinary_tract,urinary_tract,True,c30_s0_3-23-36.avi,True,Adjust your grip and maintain tension on the tissue for better visualization.
so you got to decide where...,09:41:22,33,,,,interrupt_action,interrupt_action,True,,,,c33_s0_1-7-9.avi,True,Ensure precise instrument alignment and maintain clear visualization of the tissue.
so your original bladder neck wasn't that big and you kind of stretched it out quite aggressively in the very beginning... so just be aware of that,09:26:18,1,,,,ensure_safety,ensure_safety,True,urinary_tract,urinary_tract,True,c1_s0_0-48-53.avi,True,Maintain gentle traction on the tissue for better visualization.
"so your suture management is already not good, you have to do something",16:43:50,22,suturing_tools,suturing_tools,True,,,,,,,c22_s0_2-37-42.avi,True,Maintain tension on the suture for optimal needle passage.
"so, stop for a second... so you see those... pur your retraction there, that's fine",09:30:32,1,retractor_device,retractor_device,True,,,,,,,c1_s0_0-53-7.avi,True,Ensure precise dissection and maintain clear visualization of the surgical field.
spread here with your scissors and your left hand,09:19:51,17,hand_control,hand_control,True,open_spread,open_spread,True,,,,c17_s0_0-23-23.avi,True,Dissect carefully along the tissue plane with precise instrument control.
staple across the ureter and whole shebang,16:55:05,8,,,,,,,urinary_tract,urinary_tract,True,c8_s0_1-22-46.avi,True,"Instrument: Grasper, Action: Retracting, Tissue: Adipose"
"staple the ureter now, that area there",15:42:02,10,,,,,,,urinary_tract,urinary_tract,True,c10_s0_1-31-24.avi,True,"Instrument: Maryland Bipolar Forceps, Action: Dissect, Tissue: Peritoneum"
"start again, right hands go up",09:22:54,17,hand_control,hand_control,True,,,,,,,c17_s0_0-26-26.avi,True,Adjust the instrument angle for better visualization of the tissue.
"stay close to the prostate... uh, the adenoma, okay? just stay close",14:45:09,2,,,,,,,prostate,prostate,True,c2_s0_0-45-23.avi,True,Maintain steady retraction and ensure clear visualization of the surgical field.
stay down stay down,09:11:23,33,,,,navigate_position,navigate_position,True,,,,c33_s0_0-37-10.avi,True,Maintain gentle traction and ensure clear visualization of the surgical field.
"stay in the correct plane, yup, between the two fascial layers",15:35:44,8,,,,,,,fat_fascial_peritoneal_planes,fat_fascial_peritoneal_planes,True,c8_s0_0-3-25.avi,True,"Instrument: Maryland Bipolar Forceps, Action: Dissection, Tissue: Peritoneum"
stay right next to ureter...so  its unlikely you will cause damange,11:50:15,11,,,,,,,urinary_tract,urinary_tract,True,c11_s0_1-55-43.avi,True,Maintain gentle traction and ensure clear visualization of the surgical field.
stop for a second,10:49:14,31,,,,interrupt_action,interrupt_action,True,,,,c31_s0_1-14-43.avi,True,Maintain steady traction and ensure clear visualization of the surgical field.
stop for a second,12:28:30,28,,,,interrupt_action,interrupt_action,True,,,,c28_s0_2-23-46.avi,True,"Instrument: Maryland Bipolar Forceps, Action: Grasping, Tissue: Peritoneum"
stop look at see your needle driver It's got to be perpendicular to the needle.,17:51:46,12,suturing_tools,suturing_tools,True,,,,,,,c12_s0_2-5-17.avi,True,Maintain gentle tension on the suture for optimal tissue approximation.
sure but take it dont put holes in the urethra,19:14:26,29,,,,,,,urinary_tract,urinary_tract,True,c29_s0_3-25-26.avi,True,Maintain steady traction and ensure clear visualization of the surgical field.
sweep along it because you are going to get into endopelvis,14:38:18,26,,,,sweeping_maneuvers,sweeping_maneuvers,True,,,,c26_s0_0-22-57.avi,True,Maintain gentle traction and proceed with careful dissection of the tissue.
"sweep further, theres another layer",16:01:37,12,,,,sweeping_maneuvers,sweeping_maneuvers,True,,,,c12_s0_0-15-8.avi,True,Maintain gentle traction and ensure clear visualization of the surgical field.
"sweep it into the spoon, help her",14:43:12,26,,,,sweeping_maneuvers,sweeping_maneuvers,True,,,,c26_s0_0-27-51.avi,True,"Instrument: Grasper, Action: Retract, Tissue: Adipose"
sweep it off... start from where you know where the adenoma is and then just sweep it off,15:04:29,18,,,,sweeping_maneuvers,sweeping_maneuvers,True,,,,c18_s0_0-32-24.avi,True,"Instrument: Monopolar Curved Scissors, Action: Dissect, Tissue: Fibrous tissue"
sweep sweep sweep,09:38:40,33,,,,sweeping_maneuvers,sweeping_maneuvers,True,,,,c33_s0_1-4-27.avi,True,Maintain gentle traction and ensure clear visualization of the surgical field.
"sweep this down, sweep this down",14:59:20,20,,,,sweeping_maneuvers,sweeping_maneuvers,True,,,,c20_s0_0-29-39.avi,True,"instrument: ProGrasp forceps, action: grasping, tissue: fibrous tissue"
sweep towards the vein okay? always sweep towards the vein,14:42:35,22,,,,sweeping_maneuvers,sweeping_maneuvers,True,,,,c22_s0_0-36-27.avi,True,Advance the instrument carefully to maintain clear visualization of the tissue.
"sweep, sweep, sweep, that should be a very blunt dissection",09:25:52,21,,,,sweeping_maneuvers,sweeping_maneuvers,True,,,,c21_s0_0-40-39.avi,True,"Instrument: grasper, action: retract, tissue: peritoneum."
sweep...You'll get into the perfect layer... sweep all those strands off....Keep sweeping first. ....Get all those bands off.,16:01:54,12,,,,sweeping_maneuvers,sweeping_maneuvers,True,,,,c12_s0_0-15-25.avi,True,"Instrument: Maryland Bipolar, Action: Dissect, Tissue: Peritoneum"
take it,09:27:28,24,,,,grip_hold,grip_hold,True,,,,c24_s0_0-22-58.avi,True,"Continue dissection carefully, maintaining clear visualization of the tissue planes."
take it,15:35:00,10,,,,grip_hold,grip_hold,True,,,,c10_s0_1-24-22.avi,True,Maintain steady traction and ensure clear visualization of the surgical field.
take it,15:40:51,10,,,,grip_hold,grip_hold,True,,,,c10_s0_1-30-13.avi,True,Maintain gentle traction on the tissue for optimal exposure.
"take it a little higher, you don't want something dangling in your face, that's really annoying.",09:11:32,33,,,,navigate_position,navigate_position,True,,,,c33_s0_0-37-19.avi,True,Maintain gentle traction on the tissue with the instrument.
take it..no up..deep,15:34:09,10,,,,navigate_position,navigate_position,True,,,,c10_s0_1-23-31.avi,True,Ensure precise control of the instruments for optimal tissue manipulation.
take loop w R hand and w L retract,15:20:48,10,hand_control,hand_control,True,,,,,,,c10_s0_1-10-10.avi,True,"Instrument: Maryland Bipolar, Action: Grasping, Tissue: Ureter"
"take one more... yeah, one more bite of that",15:10:29,2,,,,grip_hold,grip_hold,True,,,,c2_s0_1-10-43.avi,True,"Instrument: Needle driver, Action: Suturing, Tissue: Bladder neck"
"that looks too small, looks like there are 2 veins",17:05:12,7,,,,,,,vascular_neurovascular_structures,vascular_neurovascular_structures,True,c7_s0_0-21-50.avi,True,Dissect carefully along the tissue plane to maintain clear visualization.
"that's ___, you can't push that, yeah. it's a vessel right there, right in the middle, yeah, it's not going to push off",12:01:34,28,,,,,,,vascular_neurovascular_structures,vascular_neurovascular_structures,True,c28_s0_1-56-50.avi,True,Maintain steady traction and ensure clear visualization of the surgical field.
that's a whole bowel up there,15:35:33,23,,,,,,,gastrointestinal_tract,gastrointestinal_tract,True,c23_s0_0-14-35.avi,True,Continue with precise dissection and maintain clear visualization of the tissue plane.
that's it you can grab that peritoneum and thats it on the left,08:56:32,19,hand_control,hand_control,True,grip_hold,grip_hold,True,fat_fascial_peritoneal_planes,fat_fascial_peritoneal_planes,True,c19_s0_0-42-46.avi,True,Maintain gentle traction and ensure clear visualization of the surgical field.
that's probably the vein that you just cut,14:52:02,22,,,,,,,vascular_neurovascular_structures,vascular_neurovascular_structures,True,c22_s0_0-45-54.avi,True,Maintain gentle traction and ensure clear visualization of the surgical field.
thats fine but youre taking a lot of urethra,19:07:51,29,,,,,,,urinary_tract,urinary_tract,True,c29_s0_3-18-51.avi,True,Maintain gentle traction on the tissue for better visualization.
"thats it, okay now close the peritineum",08:45:48,19,,,,,,,fat_fascial_peritoneal_planes,fat_fascial_peritoneal_planes,True,c19_s0_0-32-2.avi,True,"Instrument: Grasper, Action: Hold, Tissue: Mesh"
thats not how you break a stitch man,17:03:51,22,suturing_tools,suturing_tools,True,,,,,,,c22_s0_2-57-43.avi,True,"instrument: Large Needle Driver, action: Suturing, tissue: NaN"
thats not the correct plane...its between the two fascial layers,15:35:48,8,,,,,,,fat_fascial_peritoneal_planes,fat_fascial_peritoneal_planes,True,c8_s0_0-3-29.avi,True,"Instrument: Bipolar forceps, Action: Grasping, Tissue: Peritoneum"
thats the capsule fibers,16:44:23,9,,,,,,,muscular_capsular_structures,muscular_capsular_structures,True,c9_s0_0-36-40.avi,True,Maintain steady traction and ensure clear visualization of the surgical field.
thats the ves,15:31:33,22,,,,,,,seminal_vesicle_vas,seminal_vesicle_vas,True,c22_s0_1-25-25.avi,True,Advance the instrument carefully to dissect the tissue precisely.
"thats too much, take less",16:57:40,26,,,,grip_hold,grip_hold,True,,,,c26_s0_2-42-19.avi,True,Maintain gentle traction and ensure clear visualization of the surgical field.
the lateral... lateral stuff... lateral,10:37:53,1,,,,,,,miscellaneous,miscellaneous,True,c1_s0_2-0-28.avi,True,Maintain steady retraction and ensure clear visualization of the surgical field.
"the reason why I like it wide, is because I like to be able to see the shape of the prostate as you are doing this",09:56:05,33,,,,,,,prostate,prostate,True,c33_s0_1-21-52.avi,True,Maintain steady pressure and ensure clear visualization of the surgical field.
the vein dangling in your face... the vein,16:25:21,32,,,,,,,vascular_neurovascular_structures,vascular_neurovascular_structures,True,c32_s0_1-17-35.avi,True,Maintain gentle traction on the tissue for better visualization.
"the whole point is to make the ureter completely irrelevant to your work, right?",09:22:28,33,,,,,,,urinary_tract,urinary_tract,True,c33_s0_0-48-15.avi,True,Advance the instrument gently to dissect the tissue further.
"there are times when you have to hold the posterior bladder neck, and there are times you don't have to",13:55:57,4,,,,,,,prostate,prostate,True,c4_s0_0-33-55.avi,True,Maintain steady retraction and ensure clear visualization of the surgical field.
"there thats where you are going to grab, do you see it?",08:51:58,19,,,,grip_hold,grip_hold,True,,,,c19_s0_0-38-12.avi,True,"Instrument: Fenestrated Bipolar Forceps, Action: Grasping, Tissue: Mesh"
"there you go, that is finally the first good one there, okay?",11:00:31,21,,,,,,,vascular_neurovascular_structures,vascular_neurovascular_structures,True,c21_s0_2-15-18.avi,True,"instrument: Large Needle Driver, action: Suture, tissue: NaN"
"there's a few open vessels... yeah, just burn those",10:44:10,1,,,,,,,vascular_neurovascular_structures,vascular_neurovascular_structures,True,c1_s0_2-6-45.avi,True,Maintain steady traction and ensure clear visualization of the surgical field.
"theres a vessel there, careful of vessel",16:09:00,6,,,,,,,vascular_neurovascular_structures,vascular_neurovascular_structures,True,c6_s0_1-19-2.avi,True,"Instrument: Bipolar forceps, Action: Coagulating, Tissue: Adipose tissue"
"theres something bleeding down there, buzz it directly",17:16:04,13,energy_device,energy_device,True,coagulate,coagulate,True,,,,c13_s0_1-51-30.avi,True,Maintain gentle traction and ensure clear visualization of the surgical field.
"these little things that are tethering the vein up, you can buzz them or sweep them down",15:52:12,32,energy_device,energy_device,True,coagulate,coagulate,True,vascular_neurovascular_structures,vascular_neurovascular_structures,True,c32_s0_0-44-26.avi,True,Maintain gentle traction and proceed with careful dissection.
this first one you have to travel a little bit,16:43:23,22,,,,navigate_position,navigate_position,True,,,,c22_s0_2-37-15.avi,True,"Instrument: Large Needle Driver, Action: Suturing, Tissue: NaN"
this is a vessel here that is tethering you,17:47:58,29,,,,,,,vascular_neurovascular_structures,vascular_neurovascular_structures,True,c29_s0_1-58-58.avi,True,Maintain gentle traction on the tissue for better visualization.
this is ileostomy,15:42:41,23,,,,,,,gastrointestinal_tract,gastrointestinal_tract,True,c23_s0_0-21-43.avi,True,"Instrument: Maryland Bipolar, Action: Dissect, Tissue: Peritoneum"
"this is the vein, there's a vein there",09:49:36,24,,,,,,,vascular_neurovascular_structures,vascular_neurovascular_structures,True,c24_s0_0-45-6.avi,True,"Instrument: Maryland Bipolar, Action: Grasping, Tissue: Periurethral tissue"
"this is whats tethering the vein, see how its all wispy and everything here",15:56:15,32,,,,,,,vascular_neurovascular_structures,vascular_neurovascular_structures,True,c32_s0_0-48-29.avi,True,Maintain gentle traction and ensure clear visualization of the surgical field.
this isnt like a strength suture,12:48:39,31,suturing_tools,suturing_tools,True,,,,,,,c31_s0_3-14-8.avi,True,Ensure precise suture placement and maintain tension on the tissue.
those are all vessels,17:45:37,29,,,,,,,vascular_neurovascular_structures,vascular_neurovascular_structures,True,c29_s0_1-56-37.avi,True,"Instrument: grasper, Action: retract, Tissue: ureter"
"those little red vessels, tiny vessels. I would burn them as you see them, because if you rip them off they are going to bleed",09:32:56,33,energy_device,energy_device,True,,,,vascular_neurovascular_structures,vascular_neurovascular_structures,True,c33_s0_0-58-43.avi,True,Maintain gentle traction on the tissue for better visualization.
"to save yourself this re grab, when you grab your needle for the first time, act like you know what your next bite is going to be. does that make sense?",16:49:21,22,suturing_tools,suturing_tools,True,,,,,,,c22_s0_2-43-13.avi,True,"instrument: Large Needle Driver, action: Suturing, tissue: NaN"
"too far, come a little bit closer to the prostate",09:59:18,33,,,,,,,prostate,prostate,True,c33_s0_1-25-5.avi,True,Maintain steady instrument control and ensure clear visualization of the surgical field.
"travel, travel",11:09:28,21,,,,navigate_position,navigate_position,True,,,,c21_s0_2-24-15.avi,True,"instrument: Large Needle Driver, action: Suturing, tissue: Prostate"
try and get under the SV first before you do that,11:08:14,31,,,,navigate_position,navigate_position,True,seminal_vesicle_vas,seminal_vesicle_vas,True,c31_s0_1-33-43.avi,True,Adjust your grip and maintain steady traction on the tissue.
"try something, instead of holding this, put your closed left hand in here and your push it this way",09:05:52,17,hand_control,hand_control,True,,,,,,,c17_s0_0-9-24.avi,True,"Instrument: ProGrasp Forceps, Action: Retracting, Tissue: Peritoneum"
try to grab the end of the sac and bring the sac up,08:53:04,19,,,,grip_hold,grip_hold,True,miscellaneous,miscellaneous,True,c19_s0_0-39-18.avi,True,"Instrument: Large Needle Driver, Action: Suturing, Tissue: Mesh and surrounding tissue."
try to open that space up,14:49:07,22,,,,open_spread,open_spread,True,,,,c22_s0_0-42-59.avi,True,Continue with precise dissection and maintain clear visualization of the surgical field.
turn,17:55:34,12,,,,rotate_turn,rotate_turn,True,urinary_tract,urinary_tract,True,c12_s0_2-9-5.avi,True,"Instrument: Needle driver, Action: Suturing, Tissue: Bladder neck"
turn,18:58:30,29,,,,rotate_turn,rotate_turn,True,,,,c29_s0_3-9-30.avi,True,Maintain gentle traction on the tissue while securing the suture.
turn,19:04:59,29,,,,rotate_turn,rotate_turn,True,,,,c29_s0_3-15-59.avi,True,Maintain steady traction on the tissue for optimal exposure.
turn,19:09:27,29,,,,rotate_turn,rotate_turn,True,,,,c29_s0_3-20-27.avi,True,Maintain steady instrument control and ensure clear visualization of the tissue.
turn dont pull,17:52:48,12,,,,rotate_turn,rotate_turn,True,,,,c12_s0_2-6-19.avi,True,Ensure precise suture placement and maintain tension on the tissue edges.
"turn dont push, turn",17:52:37,12,,,,rotate_turn,rotate_turn,True,,,,c12_s0_2-6-8.avi,True,Ensure precise suture placement and maintain tension on the tissue edges.
turn more,19:05:01,29,,,,rotate_turn,rotate_turn,True,,,,c29_s0_3-16-1.avi,True,Adjust your grip and maintain tension on the tissue for better control.
turn turn turn turn,19:16:32,29,,,,rotate_turn,rotate_turn,True,,,,c29_s0_3-27-32.avi,True,Maintain steady traction and ensure clear visualization of the surgical field.
"uh huh, yes this little band",14:44:05,15,None,None,True,,,,,,,c15_s0_0-35-8.avi,True,Maintain steady instrument control and ensure clear visualization of the surgical field.
"uh if anything, I would want to stay short of how far you want to go distally, because you don't want to get to the rectourethralis muscle",09:54:26,1,,,,,,,muscular_capsular_structures,muscular_capsular_structures,True,c1_s0_1-17-1.avi,True,Advance the instrument gently to dissect the tissue precisely.
uh you should have...im ok taking together but i want a good exposure of the artery...I want to see it..,15:54:37,6,,,,,,,None,None,True,c6_s0_1-4-39.avi,True,"Instrument: bipolar forceps, action: coagulating, tissue: bleeding vessel"
up high near the liver,09:13:55,24,,,,,,,miscellaneous,miscellaneous,True,c24_s0_0-9-25.avi,True,"instrument: robotic grasper, action: retracting, tissue: peritoneum"
vessel right there ok?,16:37:31,13,,,,,,,vascular_neurovascular_structures,vascular_neurovascular_structures,True,c13_s0_1-12-57.avi,True,Dissect further to expose the tissue plane clearly.
watch your arm,16:20:32,32,,,,inspect,inspect,True,,,,c32_s0_1-12-46.avi,True,Maintain gentle traction and ensure clear visualization of the surgical field.
"watch your suture, you don't want that to touch the camera lens. if you smudge your camera you will lose your console time",16:40:45,22,suturing_tools,suturing_tools,True,,,,,,,c22_s0_2-34-37.avi,True,Maintain steady tension on the suture for optimal tissue approximation.
well uh in this case a 3-0 on a SH,16:57:46,13,suturing_tools,suturing_tools,True,,,,,,,c13_s0_1-33-12.avi,True,Ensure precise dissection and maintain clear visualization of the surgical field.
when this kind of a thing is not available,13:56:07,4,,,,,,,prostate,prostate,True,c4_s0_0-34-5.avi,True,Maintain steady traction and ensure clear visualization of the surgical field.
"when youre at the hilum your strokes have to be smaller...because lets say theres a lumbar vein here...big stride could have ripped it right thru, if you make your moves smaller, and...much smaller injury",15:52:02,6,,,,,,,vascular_neurovascular_structures,vascular_neurovascular_structures,True,c6_s0_1-2-4.avi,True,"Instrument: grasper, Action: retract, Tissue: NaN"
where is it? look at your 4th arm,18:22:11,12,auxiliary_arm,auxiliary_arm,True,,,,,,,c12_s0_2-35-42.avi,True,Adjust the instrument position for better visualization of the tissue.
where is the bowel?,15:42:02,23,,,,,,,gastrointestinal_tract,gastrointestinal_tract,True,c23_s0_0-21-4.avi,True,"Instrument: grasper, Action: retract, Tissue: connective"
"where is the ureter, I want to see the ureter",16:01:46,32,,,,,,,urinary_tract,urinary_tract,True,c32_s0_0-54-0.avi,True,"Instrument: grasper, Action: retract, Tissue: bowel"
where is this artery in the scan?,09:48:14,24,,,,,,,vascular_neurovascular_structures,vascular_neurovascular_structures,True,c24_s0_0-43-44.avi,True,Ensure precise dissection and maintain clear visualization of the tissue.
where you come out has to be closer to where you just came out on the urethra,18:58:08,29,,,,,,,urinary_tract,urinary_tract,True,c29_s0_3-9-8.avi,True,Maintain gentle traction on the tissue for better visualization.
wheres the ureter,10:16:54,11,,,,,,,urinary_tract,urinary_tract,True,c11_s0_0-22-22.avi,True,Ensure precise instrument control and maintain clear visualization of the tissue.
wheres your other stitch,19:17:17,29,suturing_tools,suturing_tools,True,,,,,,,c29_s0_3-28-17.avi,True,Ensure precise instrument positioning for optimal tissue manipulation.
why is this thing up in the air like this? your fourth arm,14:28:32,3,auxiliary_arm,auxiliary_arm,True,,,,,,,c3_s0_0-23-29.avi,True,Maintain steady traction and ensure clear visualization of the surgical field.
whyd you let go of the stitch,19:16:25,29,suturing_tools,suturing_tools,True,,,,,,,c29_s0_3-27-25.avi,True,Ensure precise instrument control and maintain clear visualization of the tissue.
work toward the bladder first bc its more avascular,16:47:46,13,,,,,,,urinary_tract,urinary_tract,True,c13_s0_1-23-12.avi,True,Maintain gentle traction and ensure clear visualization of the surgical field.
yeah,09:32:03,33,,,,None,None,True,,,,c33_s0_0-57-50.avi,True,Maintain gentle traction on the tissue for better visualization.
"yeah but you need to drop it up there, see that? that's where you drop it",09:09:04,17,,,,release_instrument,release_instrument,True,,,,c17_s0_0-12-36.avi,True,"Instrument: Prograsp forceps, Action: Retract, Tissue: Peritoneum"
yeah go,19:15:18,29,,,,None,None,True,,,,c29_s0_3-26-18.avi,True,Continue suturing with precision to ensure secure tissue approximation.
yeah just buzz that,10:28:08,31,,,,coagulate,coagulate,True,,,,c31_s0_0-53-37.avi,True,"instrument: grasper, action: retract, tissue: adipose"
yeah lift that up and now you can gently buzz and sweep the stuff off,15:49:15,32,energy_device,energy_device,True,coagulate,coagulate,True,None,None,True,c32_s0_0-41-29.avi,True,"Instrument: Maryland bipolar forceps, Action: Dissect, Tissue: Peritoneum"
yeah maybe cut that tissue,15:21:29,15,,,,cut_divide,cut_divide,True,,,,c15_s0_1-12-32.avi,True,Ensure precise instrument positioning for optimal tissue manipulation.
yeah pre buzz it,15:58:08,32,,,,coagulate,coagulate,True,,,,c32_s0_0-50-22.avi,True,Maintain steady instrument control and ensure clear visualization of the surgical field.
yeah the stump,17:11:41,7,,,,,,,None,None,True,c7_s0_0-28-19.avi,True,Maintain gentle traction and ensure clear visualization of the surgical field.
"yeah, I think those needles are reasonably big, so i think it should be fine",15:17:08,15,suturing_tools,suturing_tools,True,,,,,,,c15_s0_1-8-11.avi,True,Advance the needle driver carefully through the tissue.
"yeah, I think you just got to keep it low",16:12:42,32,,,,navigate_position,navigate_position,True,,,,c32_s0_1-4-56.avi,True,Advance the instrument carefully to manipulate the tissue.
"yeah, deeper doesn't mean more far away, deeper just means deeper",15:10:52,2,None,None,True,,,,,,,c2_s0_1-11-6.avi,True,"Instrument: Needle driver, Action: Suturing, Tissue: Bladder neck"
"yeah, it'll grow close to the muscle, just open it here",14:28:48,3,,,,open_spread,open_spread,True,,,,c3_s0_0-23-45.avi,True,Maintain gentle traction and proceed with careful dissection of the tissue.
"yeah, just open there up... the point is to separate... look up here, look up here",09:16:17,21,,,,open_spread,open_spread,True,,,,c21_s0_0-31-4.avi,True,"instrument: Fenestrated Bipolar Forceps, action: Grasping, tissue: Peritoneum"
"yeah, so I would not waste your time doing this, you see you had to let go of the needle... just throw and you cinch all at the end, it's just a little bit more efficient",11:18:21,1,suturing_tools,suturing_tools,True,,,,,,,c1_s0_2-40-56.avi,True,Ensure the suture is securely tied and tension is appropriate.
"yeah, so that's the problem... okay come back... so I'm going to take over for a quick second, okay?",09:23:37,1,,,,navigate_position,navigate_position,True,,,,c1_s0_0-46-12.avi,True,"Instrument: grasper, Action: retract, Tissue: prostate"
"yeah, so the goal is to eventually grab the tip of the SV, you may not be able to do that immediately but grab whatever you can and then lift",09:41:24,1,,,,grip_hold,grip_hold,True,seminal_vesicle_vas,seminal_vesicle_vas,True,c1_s0_1-3-59.avi,True,Ensure precise instrument positioning and maintain clear visualization of the surgical field.
"yeah, you can, you can... I thought when you were talking about the lateral thing I thought you were talking about the anteiror part",09:22:44,1,,,,,,,miscellaneous,miscellaneous,True,c1_s0_0-45-19.avi,True,Maintain steady traction and ensure clear visualization of the surgical field.
"yeah, you could probably get rid of the vas now",09:40:40,1,,,,,,,seminal_vesicle_vas,seminal_vesicle_vas,True,c1_s0_1-3-15.avi,True,Maintain gentle traction and ensure clear visualization of the surgical field.
yes,14:51:00,26,,,,,,,prostate,prostate,True,c26_s0_0-35-39.avi,True,Continue with precise dissection and maintain clear visualization of the surgical field.
"yes like that, what you were doing it but a little bit more force",09:38:52,33,None,None,True,,,,,,,c33_s0_1-4-39.avi,True,Ensure precise dissection and maintain clear visualization of the surgical field.
"yes, drop it, beautiful, just like that uh huh",14:46:58,15,,,,release_instrument,release_instrument,True,,,,c15_s0_0-38-1.avi,True,Maintain steady instrument control and ensure clear visualization of the tissue.
you can even come 1 mm closer to the prostate,09:14:19,1,,,,,,,prostate,prostate,True,c1_s0_0-36-54.avi,True,Adjust the instrument angle for better access to the tissue.
you can grab it,15:31:24,10,,,,grip_hold,grip_hold,True,,,,c10_s0_1-20-46.avi,True,Ensure secure grasp on tissue with the instrument. Proceed with careful dissection.
"you can open that up though, yeah that thing",10:31:37,1,energy_device,energy_device,True,open_spread,open_spread,True,,,,c1_s0_1-54-12.avi,True,"Instrument: Suction, Action: Suctioning, Tissue: NaN"
you can regrab and turn more,19:16:38,29,,,,grip_hold,grip_hold,True,,,,c29_s0_3-27-38.avi,True,Maintain gentle traction on the tissue for optimal exposure.
you can release your 4th arm,15:43:18,10,auxiliary_arm,auxiliary_arm,True,,,,,,,c10_s0_1-32-40.avi,True,"instrument: grasper, action: retract, tissue: adipose"
you can see the... you can grab the tissue posterior,13:56:34,4,,,,grip_hold,grip_hold,True,,,,c4_s0_0-34-32.avi,True,Maintain gentle pressure with the instrument on the tissue.
"you can start with that, and then... once you free it up a little bit... get a better grab",09:35:32,1,,,,grip_hold,grip_hold,True,,,,c1_s0_0-58-7.avi,True,Maintain steady traction and ensure clear visualization of the surgical field.
"you didn't get it, you didn't get mucosa",10:19:04,16,,,,,,,gastrointestinal_tract,gastrointestinal_tract,True,c16_s0_1-24-8.avi,True,Continue suturing the tissue with precise needle driver movements.
"you don't have to buzz for fun, buzz on that crease, on the frindge",14:31:03,2,,,,coagulate,coagulate,True,,,,c2_s0_0-31-17.avi,True,Maintain gentle traction and ensure clear visualization of the surgical field.
"you don't want to get into bleeders there, you want to know where your ureter is, you don't want to injure your ureter, you want to know where your nerve is. The cognitive load of thinking about all of those structures should be less and less as you identify each of these structures and not only identify it but take them out of concern.",09:25:54,33,,,,,,,vascular_neurovascular_structures,vascular_neurovascular_structures,True,c33_s0_0-51-41.avi,True,Maintain gentle traction on the tissue for optimal exposure.
"you dont have to hook it, you can buzz it",15:52:17,32,,,,coagulate,coagulate,True,,,,c32_s0_0-44-31.avi,True,"Instrument: bipolar forceps, action: cauterize, tissue: blood vessel"
"you got to actually where the bleeder is, you have no idea where it is",14:48:01,2,,,,,,,vascular_neurovascular_structures,vascular_neurovascular_structures,True,c2_s0_0-48-15.avi,True,"Instrument: Grasper, Action: Retract, Tissue: NaN"
you got to grab,19:18:53,29,,,,grip_hold,grip_hold,True,,,,c29_s0_3-29-53.avi,True,Ensure precise instrument control and maintain clear visualization of the tissue.
you gotta grab it,19:00:29,29,,,,grip_hold,grip_hold,True,,,,c29_s0_3-11-29.avi,True,Maintain steady tension on the suture for optimal tissue approximation.
you need help?,15:30:50,23,None,None,True,,,,,,,c23_s0_0-9-52.avi,True,Advance the instrument gently to dissect the tissue.
you need to adjust for the amount of bladder neck you have here with minimal amount of the urethra,12:26:42,25,,,,,,,urinary_tract,urinary_tract,True,c25_s0_1-11-55.avi,True,"Instrument: needle driver, action: suturing, tissue: bladder neck"
you need to grab the peritineum down there,08:51:13,19,,,,grip_hold,grip_hold,True,fat_fascial_peritoneal_planes,fat_fascial_peritoneal_planes,True,c19_s0_0-37-27.avi,True,"instrument: fenestrated bipolar forceps, action: grasping, tissue: mesh"
you saw what you did right?..you literally just poked 2 holes in the same vein cause of a lack of awareness,15:45:04,6,energy_device,energy_device,True,,,,vascular_neurovascular_structures,vascular_neurovascular_structures,True,c6_s0_0-55-6.avi,True,Maintain gentle traction and ensure clear visualization of the surgical field.
you see how you're grabbing your needle its gonna spin like that,17:51:42,12,suturing_tools,suturing_tools,True,,,,,,,c12_s0_2-5-13.avi,True,Continue suturing the tissue with precision and maintain tension on the suture.
"you see that, right? you can actually even see how thin your posterior bladder neck is... yeah",09:28:20,1,,,,,,,urinary_tract,urinary_tract,True,c1_s0_0-50-55.avi,True,Maintain steady retraction and ensure clear visualization of the surgical field.
"you see the edge of the prostate back there, yup, so don't go too close, stay a little lower. if you're working medially, you should be holding medially",12:18:48,28,,,,,,,prostate,prostate,True,c28_s0_2-14-4.avi,True,Advance the instrument carefully to dissect the tissue precisely.
you should find the ureter pretty soon,09:19:56,33,,,,,,,urinary_tract,urinary_tract,True,c33_s0_0-45-43.avi,True,"Instrument: Grasper, Action: Dissect, Tissue: Peritoneum"
you want to be going down this way,17:41:11,29,,,,navigate_position,navigate_position,True,,,,c29_s0_1-52-11.avi,True,Maintain gentle traction and proceed with careful dissection of the tissue.
you want to see how you can get around all this tissue,14:43:21,22,suturing_tools,suturing_tools,True,,,,,,,c22_s0_0-37-13.avi,True,Maintain gentle traction and ensure clear visualization of the surgical field.
you want to switch to a needle driver?,17:45:20,9,suturing_tools,suturing_tools,True,,,,,,,c9_s0_1-37-37.avi,True,Ensure precise suture placement and maintain tension on the tissue.
you're getting tangled up in your suture a little bit,16:39:37,22,suturing_tools,suturing_tools,True,,,,,,,c22_s0_2-33-29.avi,True,Advance the needle driver carefully to secure the suture.
"you're stabbing through the tissue again, hold on stop stop stop do you have any idea where the tip of your graspers is?",16:59:40,22,,,,,,,miscellaneous,miscellaneous,True,c22_s0_2-53-32.avi,True,Advance the needle driver carefully through the tissue.
"you're working in a hole, its okay, but normally you'd want to open this up so you weren't in a hole",09:20:25,17,,,,open_spread,open_spread,True,,,,c17_s0_0-23-57.avi,True,"Instrument: Prograsp forceps, Action: Retract, Tissue: Adipose tissue"
your 4th arm,15:38:52,8,auxiliary_arm,auxiliary_arm,True,,,,,,,c8_s0_0-6-33.avi,True,Continue with precise dissection to maintain clear visualization of the tissue plane.
"your L hands not doing anthing, pull towards cam",15:50:31,8,hand_control,hand_control,True,,,,,,,c8_s0_0-18-12.avi,True,"instrument: grasper, action: retract, tissue: peritoneum"
"your angle is barely correct, so more under the prostate",09:27:27,1,,,,,,,prostate,prostate,True,c1_s0_0-50-2.avi,True,Maintain steady instrument control and ensure clear visualization of the surgical field.
your left hand is facing this way,09:23:37,17,hand_control,hand_control,True,,,,,,,c17_s0_0-27-9.avi,True,"Instrument: ProGrasp Forceps, Action: Retract, Tissue: Peritoneum"
your right hand is fine,09:23:22,17,hand_control,hand_control,True,,,,,,,c17_s0_0-26-54.avi,True,"Instrument: ProGrasp Forceps, Action: Retracting, Tissue: Adipose and connective tissue."
"yup, I think yeah I like it",19:15:14,29,,,,None,None,True,,,,c29_s0_3-26-14.avi,True,Continue suturing with precision to ensure secure tissue approximation.
zoom in where you tied your suture,16:16:08,18,suturing_tools,suturing_tools,True,,,,,,,c18_s0_1-44-3.avi,True,"instrument: Large Needle Driver, action: Suturing, tissue: Bladder"
"zoom in where you tied your suture, please",16:16:11,18,suturing_tools,suturing_tools,True,,,,,,,c18_s0_1-44-6.avi,True,"Instrument: Large Needle Driver, Action: Suturing, Tissue: Bladder Neck"
